lAT, LON, type, SPs (30), SPs (60), SPs (100), SPs (150)
47.0396018, 15.4888665,0,19,25,34,45
47.0435484, 15.4741316,0,16,21,28,37
47.059395, 15.4527205,0,17,23,31,40
47.076041, 15.451031,0,20,27,36,48
47.0760871, 15.450817,0,19,26,34,45
47.056755, 15.4533693,2,12,16,22,29
47.1043004, 15.4014357,0,17,23,30,40
47.0737786, 15.4476048,1,14,19,25,34
47.074046, 15.439967,1,14,19,26,34
47.0701897, 15.4560215,0,16,21,28,37
47.0692646, 15.4586998,0,15,20,27,35
47.0564871, 15.4815624,0,18,24,33,43
47.111284, 15.4985037,0,16,22,30,39
47.0561905, 15.4750754,2,15,20,27,35
47.0675309, 15.443231,0,16,21,28,37
47.0758053, 15.5011564,0,15,21,28,36
47.0781487, 15.4855206,0,18,24,33,43
47.0778957, 15.4639611,3,14,19,25,33
47.0790278, 15.4642614,0,15,21,28,36
47.0677056, 15.4506355,0,12,17,22,30
47.0855762, 15.4308661,2,8,11,15,20
47.0956202, 15.4461328,1,16,22,29,38
47.1080678, 15.4524331,1,17,22,30,40
47.0963444, 15.4394402,0,13,17,23,30
47.1059107, 15.4208078,0,20,27,36,48
47.1022606, 15.4248969,0,11,15,20,26
47.0896407, 15.4597563,0,15,20,26,35
47.0282453, 15.4333075,0,14,19,25,33
47.0265315, 15.4343439,2,18,25,33,43
47.0852822, 15.4428147,0,18,24,33,43
47.0204691, 15.4149304,2,15,20,27,35
47.0234291, 15.4302712,0,15,21,28,37
47.0639731, 15.4248532,1,12,17,22,29
47.0597243, 15.3996736,3,10,13,17,23
47.0257353, 15.4316627,0,14,18,25,32
47.0630947, 15.3992804,2,15,20,27,35
47.0904464, 15.4274682,0,18,24,32,42
47.0612327, 15.4585606,0,18,24,32,42
47.0635483, 15.450871,2,14,18,24,32
47.0674802, 15.4425893,0,14,18,25,33
47.0708903, 15.4342869,2,12,16,22,28
47.0773616, 15.4345422,0,11,15,20,26
47.1062497, 15.4885841,1,10,14,19,25
47.0747106, 15.4302656,0,19,26,35,46
47.0573808, 15.5010001,1,13,18,24,32
47.021784, 15.4045775,0,13,18,24,32
47.0474076, 15.4481404,2,11,15,21,27
47.0185234, 15.4443837,0,16,22,30,39
47.0477066, 15.4534318,2,10,14,19,25
47.0220971, 15.4691287,0,14,19,25,33
47.0591993, 15.4928972,0,12,17,22,29
47.0259096, 15.4346038,0,15,21,28,37
47.0600529, 15.4367196,0,13,18,24,32
47.0182441, 15.4447859,1,12,16,21,28
47.1016344, 15.3879078,2,14,19,26,34
47.0826481, 15.4163295,0,16,21,28,37
47.0961621, 15.3750072,0,15,20,26,35
47.099725, 15.3794937,0,15,21,28,36
47.0806814, 15.4513121,2,13,17,23,31
47.0790352, 15.4579842,0,14,18,25,32
47.0752076, 15.4583774,2,13,17,23,31
47.0720949, 15.4503624,0,14,18,25,32
47.0464267, 15.4294507,0,12,17,23,30
47.0522151, 15.4282936,2,10,14,18,24
47.0426463, 15.4376503,0,15,20,27,36
47.0565327, 15.4172526,1,13,18,24,32
47.0785116, 15.411018,2,10,14,19,25
47.0456967, 15.4301881,0,16,21,28,37
47.0938747, 15.4231635,0,12,16,22,29
47.0850703, 15.4312246,0,15,20,26,35
47.0871663, 15.4740472,1,16,22,29,39
47.0447703, 15.4776458,1,15,20,27,35
47.1139785, 15.4130133,1,17,23,31,41
47.1074783, 15.4177248,2,11,15,21,27
47.113941, 15.4187088,2,16,21,28,37
47.1103712, 15.4132273,0,13,17,23,31
47.1048847, 15.4892906,0,12,17,22,29
47.0700927, 15.4062956,0,13,18,24,31
47.0696815, 15.4314892,0,14,18,25,33
47.085723, 15.4199068,0,15,20,26,35
47.0993922, 15.4513343,0,12,16,21,28
47.0674552, 15.4417914,0,17,23,30,40
47.0673105, 15.4425661,0,16,21,28,37
47.0751593, 15.3967209,1,11,14,19,26
47.0672365, 15.4417817,0,18,24,33,43
47.045599, 15.486034,0,19,26,35,46
47.100245, 15.3949711,3,17,23,31,41
47.0791451, 15.4683359,0,14,19,25,33
47.0432831, 15.4138719,2,12,16,21,28
47.0741594, 15.4399966,0,17,23,31,41
47.0615431, 15.4586696,0,13,18,24,32
47.0215549, 15.4011373,0,18,24,32,42
47.0727915, 15.4362166,0,15,20,27,36
47.0787712, 15.4801672,2,17,23,31,40
47.0664563, 15.4387705,0,15,21,28,37
47.0666028, 15.4466114,2,16,22,29,39
47.0664764, 15.4472333,0,15,20,26,35
47.0902661, 15.4089088,0,19,25,34,45
47.0736344, 15.4208588,0,15,20,27,35
47.1093609, 15.4941124,2,16,21,28,37
47.0538358, 15.4088764,0,19,26,35,45
47.1051599, 15.5129832,1,11,15,20,27
47.1015881, 15.4362646,1,11,15,21,27
47.0674987, 15.4422005,0,17,23,30,40
47.0236577, 15.431439,0,12,16,21,28
47.0817648, 15.4542574,0,19,26,35,46
47.079432, 15.458011,3,13,18,24,32
47.0734839, 15.4201135,0,13,17,23,30
47.0554284, 15.4167856,0,19,26,35,46
47.0922207, 15.4894954,0,18,24,33,43
47.0886214, 15.4799404,0,19,26,34,45
47.0854206, 15.4723753,0,17,23,30,40
47.0905959, 15.4864535,0,12,17,22,29
47.0957528, 15.4997914,0,19,26,35,46
47.0924384, 15.4898864,3,14,19,25,33
47.0939339, 15.4952545,1,17,22,30,39
47.0974529, 15.5046366,0,17,23,30,40
47.0995755, 15.5076112,1,14,19,25,34
47.0896255, 15.4843422,2,16,22,29,38
47.0886987, 15.4805049,2,17,23,30,40
47.0852094, 15.4720244,0,15,21,28,37
47.0895009, 15.4838446,0,12,16,21,28
47.1021797, 15.5120455,1,15,20,27,36
47.0902493, 15.4859676,0,18,24,32,42
47.0958579, 15.5000171,2,13,17,23,30
47.0838741, 15.4697367,0,14,19,26,34
47.0973022, 15.5046098,2,13,18,24,32
47.1020549, 15.5119054,0,19,26,34,45
47.084432, 15.4704098,0,16,22,29,38
47.0784584, 15.4641926,0,16,21,28,37
47.0769097, 15.4974123,0,13,17,23,30
47.0780149, 15.4884623,1,16,21,29,38
47.077078, 15.4950734,2,13,17,23,31
47.0770918, 15.4949326,0,15,20,26,35
47.0781492, 15.4852563,0,13,17,23,31
47.0767338, 15.4974487,0,16,22,29,38
47.0788707, 15.4731137,0,16,21,29,38
47.0787813, 15.4738199,0,14,19,25,33
47.0760104, 15.5001442,0,15,21,28,37
47.0791841, 15.4643255,0,12,16,21,28
47.0766046, 15.457713,0,11,15,20,26
47.0770276, 15.4591898,0,16,21,28,37
47.0768408, 15.4577786,0,15,20,27,35
47.0791474, 15.4395545,0,16,22,29,38
47.0796839, 15.44246,0,20,27,37,48
47.0778534, 15.4467079,0,17,23,30,40
47.0774596, 15.4469476,0,12,16,22,29
47.077029, 15.4493079,0,17,23,31,41
47.0772492, 15.4490974,0,11,15,20,27
47.0779635, 15.4438789,1,13,18,24,32
47.0780843, 15.4433375,0,14,19,26,34
47.0793055, 15.4423789,0,19,25,34,44
47.0764136, 15.4507253,0,13,17,23,30
47.0853964, 15.4302265,0,12,17,22,30
47.1151691, 15.432789,2,14,19,26,34
47.0873665, 15.4296173,0,13,17,23,31
47.1187112, 15.4354914,0,17,23,31,41
47.1189622, 15.4359457,1,12,16,21,28
47.108096, 15.4275258,3,12,16,21,28
47.1007319, 15.419072,2,13,18,24,32
47.0981747, 15.4191149,0,13,18,24,32
47.111581, 15.4315378,2,19,26,35,46
47.1033842, 15.4260382,0,17,23,30,40
47.1039153, 15.4261702,2,15,20,27,35
47.0869509, 15.4283008,0,11,15,21,27
47.09672, 15.4192359,0,17,22,30,39
47.0929681, 15.4226892,3,12,16,22,29
47.1030482, 15.4216938,2,11,14,19,25
47.087041, 15.4290644,0,17,23,31,41
47.068425, 15.4010177,0,15,21,28,36
47.0664859, 15.4009242,0,17,23,30,40
47.0666266, 15.4009557,0,15,21,28,36
47.0656129, 15.4370979,0,17,22,30,39
47.0686919, 15.4460924,0,13,17,23,31
47.0703534, 15.4442727,0,12,16,22,28
47.0707663, 15.4423998,0,16,22,29,38
47.0667691, 15.4417105,0,12,17,23,30
47.0671897, 15.4422271,0,13,17,23,30
47.0682235, 15.4425319,0,13,18,24,32
47.0810423, 15.4448568,0,15,20,26,35
47.0660918, 15.4356236,0,14,18,25,32
47.0725494, 15.4411792,1,11,15,20,26
47.0672437, 15.4418694,0,13,17,23,31
47.0662138, 15.4376964,2,9,12,16,22
47.0675234, 15.4432022,0,16,22,29,38
47.0670322, 15.4415777,0,10,14,19,25
47.0823718, 15.4465868,0,12,16,21,28
47.0663971, 15.4373622,0,15,20,26,35
47.0684772, 15.4458767,0,13,17,23,30
47.0816106, 15.44762,0,18,25,33,44
47.0789213, 15.4477115,2,11,15,20,27
47.0669798, 15.4416098,0,15,20,27,36
47.0664208, 15.4379634,0,14,19,26,34
47.0668697, 15.4415913,0,12,16,21,28
47.0801343, 15.4448657,0,16,21,28,38
47.065506, 15.4360893,0,14,19,25,33
47.057604, 15.4304081,0,16,22,30,39
47.0625088, 15.4308764,3,17,22,30,39
47.0621232, 15.430846,0,20,27,36,47
47.0576542, 15.4304214,0,18,24,32,42
47.0784804, 15.45172,0,14,18,25,32
47.049671, 15.4215021,2,14,19,25,33
47.0668085, 15.431532,0,17,23,31,41
47.074705, 15.4462923,0,16,22,29,38
47.0745888, 15.4504696,0,16,22,29,38
47.0499168, 15.4222051,0,10,14,19,25
47.0783211, 15.4534327,0,14,19,26,34
47.0604775, 15.4307308,0,13,17,23,30
47.0644942, 15.4314259,0,15,20,27,36
47.070885, 15.4477418,0,14,19,26,34
47.0550265, 15.4274296,2,17,23,30,40
47.0749649, 15.4518073,0,15,21,28,36
47.0523925, 15.4281355,0,16,22,30,39
47.0514674, 15.4264521,0,13,18,24,32
47.0447864, 15.445802,2,12,16,22,29
47.0597149, 15.4368282,0,13,18,24,32
47.0467717, 15.4460851,0,14,19,26,34
47.0612089, 15.4376124,2,15,21,28,37
47.0610088, 15.4402318,0,20,27,36,48
47.0529809, 15.4402622,1,14,19,26,34
47.0527832, 15.4435416,0,12,16,22,29
47.0552485, 15.4386482,1,14,18,25,32
47.0640618, 15.4377546,0,13,18,24,32
47.0456636, 15.4489153,0,16,21,28,37
47.0605695, 15.4403083,0,11,14,19,26
47.0528316, 15.4407646,0,15,20,26,35
47.0644759, 15.4377563,0,15,20,27,35
47.0581912, 15.4373901,0,15,20,27,36
47.0461923, 15.448713,0,13,18,24,31
47.0694261, 15.4590561,0,14,19,25,33
47.0702634, 15.4970365,2,11,15,20,26
47.0645621, 15.4648712,2,13,18,24,32
47.0661161, 15.463241,0,13,18,24,31
47.066652, 15.4674035,1,16,21,28,37
47.0674323, 15.4619312,0,12,16,21,28
47.0671692, 15.4819417,0,16,22,30,39
47.0693058, 15.4596021,0,18,24,33,43
47.0705037, 15.4926011,0,9,13,17,22
47.0692626, 15.5040965,2,16,21,28,37
47.0667054, 15.4676957,0,16,22,29,38
47.069363, 15.459103,0,13,17,23,31
47.0668096, 15.4700014,0,14,18,24,32
47.0698591, 15.489267,0,14,19,26,34
47.0692879, 15.485999,0,14,19,25,33
47.0198097, 15.471827,1,14,18,25,33
47.019154, 15.4613147,2,10,14,19,25
47.0305085, 15.4558179,0,17,23,31,41
47.0362598, 15.4517627,2,17,23,31,41
47.019262, 15.4609915,0,12,17,23,30
47.043226, 15.446879,1,11,15,20,26
47.0238097, 15.4583807,0,16,21,28,38
47.0280014, 15.4551079,0,13,18,24,31
47.0222668, 15.4695706,0,15,20,27,35
47.0241296, 15.4581711,1,14,18,25,33
47.0348593, 15.4536697,0,16,22,29,39
47.0208275, 15.4657341,2,16,22,29,39
47.0229551, 15.4692932,0,13,17,23,30
47.0466465, 15.3892658,0,11,15,20,26
47.0501041, 15.3947413,2,11,14,19,25
47.0502898, 15.3909173,0,16,22,29,38
47.0481666, 15.3877316,3,12,16,21,28
47.04672, 15.4070838,0,13,18,24,32
47.0466918, 15.3956148,0,13,18,24,31
47.0467092, 15.3990421,0,14,19,26,34
47.0467167, 15.4017524,3,10,13,18,23
47.0507294, 15.3957665,3,15,20,27,36
47.0536431, 15.415156,0,16,21,28,38
47.0510272, 15.4125495,2,15,20,27,35
47.0667445, 15.4271043,0,14,18,25,33
47.0662019, 15.4266509,0,15,20,27,35
47.0664131, 15.4263282,0,15,21,28,37
47.0634936, 15.4031893,1,8,10,14,18
47.0597421, 15.40026,0,19,26,35,46
47.0597521, 15.4032615,1,15,21,28,37
47.0703363, 15.4019203,0,13,17,23,31
47.0509438, 15.3947643,0,14,18,24,32
47.0601027, 15.4032707,0,16,21,28,37
47.0708335, 15.4020904,0,14,19,26,34
47.049203, 15.4289939,1,9,13,17,23
47.0493117, 15.4288567,0,20,26,35,47
47.0681904, 15.4203193,0,14,19,26,34
47.0454159, 15.4298428,0,17,23,31,40
47.0606605, 15.425226,0,13,17,23,30
47.025534, 15.4008301,0,18,25,33,43
47.0252134, 15.400777,0,15,20,27,36
47.0234723, 15.4004079,0,16,22,29,38
47.0228052, 15.4003059,2,12,16,22,28
47.0187968, 15.399268,1,18,24,32,42
47.0175835, 15.3987415,0,16,22,29,39
47.0349028, 15.4095395,1,18,24,32,42
47.02782, 15.4012713,1,13,17,23,31
47.0404076, 15.4137774,0,13,18,24,32
47.0402852, 15.4129155,0,20,27,36,48
47.043729, 15.4143035,0,12,16,21,28
47.0469198, 15.4151979,0,14,19,26,34
47.0472353, 15.415275,0,17,23,31,41
47.050499, 15.4158949,0,15,20,27,35
47.0511477, 15.4160049,2,16,21,29,38
47.0431747, 15.4141421,0,14,18,24,32
47.0410832, 15.413335,0,15,21,28,37
47.0551586, 15.413206,1,11,15,20,27
47.0553405, 15.4136208,0,19,25,34,44
47.0540401, 15.4095494,2,14,19,26,34
47.0520868, 15.4031063,0,13,17,23,31
47.0508298, 15.3979326,0,16,22,29,38
47.0429346, 15.3956848,2,13,18,24,32
47.0375046, 15.3970323,0,11,15,20,27
47.0374625, 15.3970528,2,11,15,20,27
47.0351484, 15.398714,0,16,22,29,39
47.0838396, 15.4442302,3,14,19,25,34
47.0832673, 15.4414584,1,14,19,26,34
47.0812285, 15.4426935,0,17,23,31,41
47.0853678, 15.4427014,0,12,16,21,28
47.0329642, 15.3993945,0,13,17,23,30
47.097501, 15.3995602,0,14,18,24,32
47.104001, 15.401632,1,15,20,27,35
47.096894, 15.4040199,0,14,19,26,34
47.0965256, 15.404298,0,14,19,25,33
47.0959398, 15.4039673,0,14,19,26,34
47.0960441, 15.4031295,0,14,19,26,34
47.0826874, 15.4156669,3,13,17,23,30
47.0889183, 15.4105598,2,12,17,23,30
47.0938534, 15.4058428,0,15,20,27,36
47.0937788, 15.4057328,0,12,17,22,29
47.0880976, 15.411295,0,12,16,21,28
47.0763628, 15.4293628,0,14,18,25,33
47.0798773, 15.4245358,0,14,19,25,34
47.0800882, 15.4241091,0,20,27,36,48
47.0789439, 15.4270695,0,13,17,23,30
47.0819468, 15.4213243,0,17,23,30,40
47.081423, 15.4217,2,16,22,29,39
47.0841675, 15.416788,3,12,16,21,28
47.0759735, 15.4291046,0,16,22,30,39
47.0758942, 15.4288068,0,12,16,21,28
47.075722, 15.4299647,3,8,11,14,19
47.0762574, 15.4292306,0,16,22,29,38
47.0710754, 15.4284665,3,10,14,18,24
47.0714585, 15.4288078,0,16,21,28,37
47.0717203, 15.4288217,0,13,17,23,31
47.0997092, 15.4168854,0,19,25,34,44
47.1010094, 15.4273516,0,17,23,31,41
47.1009068, 15.4281293,3,13,18,24,32
47.100872, 15.4309683,0,13,17,23,30
47.0765861, 15.4192882,0,11,15,21,27
47.0760906, 15.4173887,0,13,18,24,32
47.0747101, 15.4228659,0,14,19,25,33
47.0745616, 15.4241744,2,14,18,25,32
47.0741955, 15.4229158,0,15,20,27,35
47.0778294, 15.4349541,1,16,21,29,38
47.0775563, 15.4343089,0,15,21,28,37
47.0894521, 15.4598259,0,13,17,23,30
47.0874258, 15.4578723,2,11,15,20,26
47.0805381, 15.451056,0,18,24,32,42
47.0818758, 15.4544045,0,13,17,23,30
47.0845155, 15.4565505,2,13,17,23,31
47.0604801, 15.4688464,0,13,18,24,31
47.0616199, 15.4672764,2,10,13,18,24
47.0738432, 15.4549543,0,13,18,24,32
47.0600338, 15.4691662,0,13,18,24,32
47.056897, 15.4719256,0,16,22,29,38
47.0595025, 15.4679699,0,16,22,29,39
47.0595329, 15.467618,0,15,20,26,35
47.0733085, 15.4539164,0,17,23,30,40
47.0740066, 15.4536148,0,15,21,28,36
47.0580858, 15.4655252,0,14,19,26,34
47.0707812, 15.4579231,2,15,20,27,35
47.058375, 15.4705489,3,14,19,25,33
47.0332748, 15.4430107,1,14,18,24,32
47.060567, 15.3923786,0,14,19,25,33
47.0595806, 15.3922565,0,12,16,21,28
47.0283, 15.4331539,0,15,20,27,36
47.0376385, 15.4161274,0,12,16,22,29
47.0422954, 15.4679645,0,17,22,30,39
47.0402277, 15.4084066,1,14,19,25,33
47.0602143, 15.4642721,0,15,20,26,35
47.0696457, 15.4321056,0,16,21,28,37
47.0965141, 15.4069365,0,16,22,29,38
47.0975081, 15.4086922,2,11,14,19,25
47.0933106, 15.4135845,2,14,19,25,33
47.0882029, 15.417985,0,17,22,30,40
47.0881213, 15.4180868,2,10,14,19,25
47.037665, 15.4617688,0,15,21,28,37
47.0366381, 15.4623534,0,9,12,16,21
47.0325497, 15.4643697,0,12,16,22,29
47.0567449, 15.4622697,1,15,20,26,35
47.0540706, 15.4486841,1,10,14,19,25
47.0587759, 15.4865294,3,12,16,22,29
47.0585326, 15.4896106,1,11,15,20,26
47.0593988, 15.4848511,0,19,25,33,44
47.0586388, 15.4806618,2,15,20,27,35
47.058849, 15.4834217,0,16,21,29,38
47.0591879, 15.4927982,0,14,19,25,33
47.0712394, 15.4344525,0,14,18,25,32
47.0712495, 15.4244228,0,10,14,19,25
47.0661611, 15.4470519,0,14,19,25,33
47.0598947, 15.4519849,0,13,17,23,30
47.0663779, 15.4463752,0,17,22,30,40
47.0669327, 15.4463157,0,17,23,31,41
47.0640076, 15.44992,0,18,24,33,43
47.0687117, 15.4525639,0,17,22,30,39
47.0688669, 15.4528574,0,13,18,24,31
47.0702116, 15.4554015,1,12,16,21,28
47.0646845, 15.3922582,0,16,22,30,39
47.0684707, 15.3921464,0,15,21,28,37
47.070088, 15.4097006,0,10,14,18,24
47.0634051, 15.3922977,0,15,21,28,37
47.065113, 15.3922478,0,17,22,30,39
47.0793681, 15.3997239,0,15,20,26,35
47.0729617, 15.4048276,0,14,19,25,33
47.0729741, 15.4044927,1,12,17,23,30
47.0728809, 15.4014961,1,11,15,20,26
47.0713324, 15.4146534,0,17,22,30,39
47.0630597, 15.3923091,0,14,18,25,33
47.0833078, 15.4599841,0,14,19,25,33
47.0721744, 15.4509394,0,19,25,34,45
47.1070598, 15.4891109,0,16,22,29,38
47.0726065, 15.4363884,0,15,21,28,37
47.0803077, 15.4329229,0,15,20,27,35
47.0632786, 15.4431216,0,18,25,33,43
47.0592921, 15.4452634,0,19,25,34,45
47.0473274, 15.4542862,0,17,23,30,40
47.0482322, 15.4557171,0,16,21,29,38
47.0824322, 15.4330674,0,9,13,17,22
47.061429, 15.4441295,0,15,20,27,35
47.0522165, 15.4329312,0,14,19,26,34
47.052156, 15.4326203,0,15,20,27,35
47.0491067, 15.4330276,0,17,23,30,40
47.0525537, 15.4327423,2,8,10,14,19
47.0495293, 15.4330689,0,13,18,24,31
47.0468857, 15.4329478,0,15,20,27,36
47.0766783, 15.412611,0,13,18,24,32
47.0240119, 15.4309723,2,11,15,20,26
47.1155956, 15.4265076,0,17,22,30,40
47.0359459, 15.4924235,1,15,20,27,36
47.039923, 15.4886868,2,12,16,22,29
47.1178754, 15.4308046,1,15,21,28,36
47.0522327, 15.4767521,0,17,22,30,39
47.0244974, 15.4351102,0,15,20,26,35
47.0232486, 15.430931,0,17,22,30,39
47.0519334, 15.4770845,2,15,20,27,35
47.0456232, 15.4858391,0,14,18,24,32
47.050198, 15.4798091,0,12,16,21,28
47.0542872, 15.4742492,0,14,19,26,34
47.024857, 15.4353642,0,15,20,27,36
47.0362575, 15.4796343,0,17,22,30,40
47.1027284, 15.4220134,0,14,19,26,34
47.1017293, 15.4362995,0,16,21,28,37
47.073133, 15.4630781,2,12,16,22,29
47.073428, 15.4466792,0,13,17,23,30
47.0798782, 15.4057227,0,14,19,26,34
47.0778577, 15.4024594,0,12,16,21,28
47.0729794, 15.4141471,0,17,22,30,39
47.0799567, 15.4024773,0,16,21,28,37
47.0776961, 15.4067297,0,15,20,27,36
47.0795133, 15.4025745,2,15,21,28,36
47.0716777, 15.4650589,0,20,26,35,46
47.0736861, 15.4755304,2,13,18,24,32
47.0732916, 15.4819296,3,9,12,16,22
47.0726811, 15.4937555,0,15,20,27,36
47.0718196, 15.4648748,0,14,19,26,34
47.0731472, 15.4877535,1,13,18,24,31
47.0701955, 15.4621675,0,12,16,22,29
47.0732873, 15.482039,0,13,18,24,32
47.0736315, 15.4701529,3,15,20,27,36
47.0750915, 15.4997776,0,13,18,24,32
47.0729784, 15.4632617,0,21,28,37,49
47.0727847, 15.4940968,2,12,16,22,29
47.0721278, 15.4917999,0,13,17,23,30
47.0731031, 15.4778862,0,9,12,16,21
47.073621, 15.4748948,0,15,20,27,36
47.0701412, 15.4619995,3,9,13,17,23
47.0737322, 15.49765,0,13,18,24,31
47.0734627, 15.4696673,0,14,19,25,33
47.0731426, 15.4776915,0,13,17,23,30
47.0731582, 15.4877075,0,19,25,34,45
47.0737424, 15.4977403,0,17,23,31,40
47.0570744, 15.4753247,0,18,24,32,42
47.0560017, 15.4752219,0,12,17,22,29
47.0589293, 15.4836105,0,17,23,31,41
47.0567142, 15.395367,0,16,21,28,37
47.0788073, 15.4217164,0,16,22,30,39
47.0789389, 15.4222243,0,17,23,31,41
47.0765595, 15.4213241,0,12,16,22,29
47.0767984, 15.4211122,0,13,18,24,32
47.0731137, 15.4012158,0,17,22,30,40
47.0661454, 15.4314974,3,8,11,14,19
47.065577, 15.4314021,0,18,25,33,43
47.0934507, 15.4221929,0,16,21,29,38
47.0564287, 15.4535485,0,14,19,26,34
47.0546021, 15.4953915,0,15,20,27,36
47.0532724, 15.4924268,0,12,16,22,28
47.0537759, 15.483508,2,14,18,25,32
47.0623275, 15.5043577,2,17,23,31,41
47.0701658, 15.4973295,0,18,24,32,42
47.0694692, 15.5023403,0,21,28,38,50
47.0698096, 15.4887411,2,14,19,26,34
47.0668764, 15.4811394,2,13,17,23,31
47.0694406, 15.4863721,0,13,18,24,32
47.0668742, 15.470256,0,12,16,22,29
47.0265899, 15.4316444,0,14,19,26,34
47.0711759, 15.4383532,0,15,21,28,37
47.0746432, 15.4348628,0,14,19,26,34
47.1003781, 15.3805421,3,17,23,31,41
47.0768144, 15.4541902,0,14,19,25,33
47.0426063, 15.3957611,0,14,18,25,32
47.086129, 15.4684802,1,13,18,24,31
47.1173849, 15.421256,3,10,14,19,25
47.1102627, 15.4135205,2,11,14,19,25
47.1062054, 15.420688,2,12,16,21,28
47.1139019, 15.4126757,0,18,24,32,42
47.1137441, 15.4230291,0,17,22,30,40
47.1247216, 15.4247991,1,18,24,32,43
47.1130896, 15.4082595,3,11,15,20,27
47.0795427, 15.3994037,1,10,13,17,23
47.0792373, 15.3963183,2,13,17,23,31
47.0925249, 15.4009849,2,15,20,27,36
47.079844, 15.4049697,0,16,21,28,37
47.0884706, 15.4036429,0,17,23,31,41
47.0712011, 15.4146887,0,15,20,27,36
47.0869943, 15.4024306,0,19,25,34,45
47.0968436, 15.3948521,0,14,19,25,33
47.0916032, 15.3973276,2,12,16,22,29
47.0978447, 15.39914,2,10,14,19,25
47.088826, 15.4006856,3,12,17,22,29
47.0903463, 15.4026507,0,15,20,27,36
47.0812569, 15.4039188,0,12,17,22,29
47.1003572, 15.3944685,0,17,23,30,40
47.0960348, 15.3960049,2,18,24,32,43
47.0844429, 15.4035362,3,9,12,16,21
47.0847023, 15.4032027,0,17,22,30,40
47.0823076, 15.4087939,3,9,12,16,21
47.0865022, 15.4219617,0,16,21,28,37
47.098549, 15.419237,0,18,24,32,42
47.0745562, 15.4013537,0,15,20,26,35
47.0744611, 15.4013156,0,11,15,20,27
47.0825896, 15.4098722,0,13,18,24,31
47.0964112, 15.4195075,3,14,19,25,33
47.0650678, 15.4006498,0,14,19,25,33
47.022764, 15.4269518,0,14,19,25,33
47.020492, 15.415367,0,14,19,26,34
47.0217657, 15.4049185,0,15,20,27,36
47.0325351, 15.3994979,3,11,15,21,27
47.0633102, 15.4032034,0,14,19,25,33
47.0354998, 15.3984731,0,18,25,33,43
47.0209435, 15.4186815,1,14,18,24,32
47.0221813, 15.4009759,0,13,18,24,32
47.0278437, 15.4013932,0,17,23,31,41
47.0209788, 15.4191073,0,8,11,15,20
47.0647047, 15.4006015,0,17,23,31,41
47.0228482, 15.4274636,1,13,17,23,31
47.0221844, 15.4008822,0,15,20,27,35
47.0210103, 15.430846,2,15,20,27,35
47.02075, 15.430846,0,17,23,30,40
47.1157824, 15.426998,2,14,19,25,33
47.111753, 15.499264,2,13,17,23,31
47.1038156, 15.486072,0,18,24,32,42
47.1028618, 15.4836667,0,9,12,16,21
47.1030234, 15.4840418,0,15,20,26,35
47.0949285, 15.4644807,3,11,15,20,27
47.0990027, 15.473373,0,13,17,23,30
47.1003362, 15.4783596,0,20,26,35,46
47.0989333, 15.473022,0,14,19,26,34
47.0996421, 15.475781,0,15,20,27,36
47.1124489, 15.501489,2,10,14,18,24
47.104937, 15.4443483,0,13,17,23,30
47.0950933, 15.4539464,2,15,20,27,36
47.0273478, 15.4669196,0,15,21,28,37
47.0205659, 15.4650503,0,16,22,29,38
47.0227232, 15.469523,1,15,20,26,35
47.0269157, 15.4671421,0,16,21,29,38
47.0326619, 15.4643045,0,16,21,28,37
47.0282068, 15.4549392,2,10,13,18,24
47.0643266, 15.465068,0,15,20,26,35
47.1014325, 15.383184,0,16,22,30,39
47.1014498, 15.3884376,0,16,21,29,38
47.0958356, 15.374691,2,14,18,25,32
47.0546446, 15.495632,3,12,17,23,30
47.0534675, 15.492579,0,12,16,21,28
47.0709626, 15.4194313,1,14,19,26,34
47.070972, 15.4195747,0,17,23,31,41
47.0487594, 15.4344437,1,10,13,17,23
47.0555556, 15.4411261,0,13,17,23,31
47.0482626, 15.4345711,0,12,16,21,28
47.0552233, 15.4414311,0,16,22,30,39
47.0827557, 15.4155296,0,13,18,24,31
47.0997341, 15.4169842,0,13,18,24,32
47.0730353, 15.4017268,0,14,19,25,33
47.0876399, 15.456675,0,16,21,28,37
47.0837499, 15.4162161,0,14,18,24,32
47.08665, 15.4227521,3,7,9,13,17
47.0855717, 15.4197772,0,16,21,29,38
47.083997, 15.4189019,0,16,21,28,37
47.0901542, 15.4092059,0,14,19,25,33
47.0777429, 15.4067154,2,12,16,21,28
47.0776469, 15.4023981,0,15,21,28,37
47.0707793, 15.4479892,0,15,21,28,37
47.0750199, 15.4579762,0,13,18,24,32
47.0706789, 15.4143175,0,14,19,25,33
47.0705839, 15.4135756,1,12,16,22,29
47.0871878, 15.427861,0,14,19,25,33
47.0846226, 15.4872294,2,11,14,19,25
47.0618772, 15.4581327,0,16,21,28,37
47.0673366, 15.4431913,0,12,16,22,29
47.1080789, 15.4173191,0,15,20,27,36
47.0500192, 15.4800827,2,11,15,20,26
47.070106, 15.4061465,0,13,18,24,31
47.0252039, 15.4679766,1,14,19,26,34
47.0479683, 15.3876565,0,10,14,19,25
47.0739401, 15.4169414,0,15,20,27,35
47.0753829, 15.4303445,0,14,18,24,32
47.0755596, 15.4301338,0,10,14,18,24
47.0846843, 15.4874772,0,11,15,20,27
47.0532777, 15.4842311,0,16,22,29,38
47.1008848, 15.4316369,0,17,22,30,40
47.1021907, 15.4389097,0,14,19,26,34
47.1043738, 15.4422692,2,16,21,28,37
47.0911366, 15.4580111,0,15,20,27,36
47.0923278, 15.4568586,0,15,21,28,36
47.0836994, 15.4192564,0,18,24,32,42
47.0709338, 15.4481062,3,11,14,19,26
47.0712539, 15.4242627,0,16,22,29,38
47.070887, 15.4340744,0,14,18,24,32
47.0710873, 15.4281911,0,14,19,25,33
47.0677818, 15.4507822,0,14,18,25,33
47.0691805, 15.4589419,0,14,18,24,32
47.0683659, 15.4599095,2,11,15,21,27
47.0536452, 15.4490039,0,15,20,27,36
47.0751288, 15.4582051,0,19,25,34,44
47.0603986, 15.4631565,0,14,19,26,34
47.0602501, 15.4636636,0,14,19,26,34
47.0712937, 15.4381649,0,13,17,23,30
47.0875739, 15.4294731,0,14,19,26,34
47.0800839, 15.4330797,0,16,21,28,37
47.0741307, 15.4352772,0,14,18,25,32
47.0848189, 15.4313999,0,13,18,24,32
47.0701241, 15.4099864,0,16,21,28,37
47.0684522, 15.4008319,0,12,16,22,29
47.0729564, 15.4079922,0,15,20,27,36
47.0375312, 15.4304564,0,17,22,30,39
47.0632134, 15.4579032,0,18,24,32,42
47.063395, 15.4583702,3,14,19,26,34
47.0665263, 15.4628445,0,18,24,32,42
47.0776869, 15.4636505,0,17,23,31,41
47.074162, 15.4201788,0,12,16,22,29
47.1135551, 15.4236849,3,11,15,21,27
47.0436439, 15.4875233,0,14,18,25,33
47.0653593, 15.4315684,0,17,23,31,41
47.0657795, 15.4316423,0,14,19,26,34
47.0658742, 15.4316564,0,13,17,23,31
47.0659761, 15.4316652,0,18,25,33,44
47.0660369, 15.4316763,0,15,20,27,36
47.0928294, 15.4565861,2,9,12,16,21
47.039735, 15.3963359,0,15,21,28,36
47.0399942, 15.3962742,0,16,21,28,38
47.094778, 15.4642076,0,15,20,27,36
47.097626, 15.4679107,0,16,21,28,37
47.1036766, 15.485852,0,14,19,26,34
47.0794591, 15.3967795,0,11,15,20,27
47.0576622, 15.4461674,0,14,18,25,32
47.0595272, 15.452055,0,12,16,22,29
47.0602347, 15.4643689,0,12,16,22,29
47.0602353, 15.4641728,1,11,15,21,27
47.0652634, 15.43156,0,16,21,28,37
47.0669237, 15.4271009,0,15,20,27,35
47.041389, 15.4295319,0,13,18,24,32
47.0402239, 15.414011,0,13,17,23,31
47.046643, 15.3885915,0,14,19,26,34
47.0467181, 15.4065166,0,17,23,31,41
47.0477983, 15.409294,2,9,13,17,23
47.0305688, 15.4560896,2,15,21,28,37
47.0602606, 15.4307743,0,13,18,24,31
47.0788382, 15.4272105,3,10,13,18,24
47.085035, 15.4377228,3,10,13,18,23
47.0858104, 15.4338513,0,12,16,22,29
47.0964353, 15.4393977,0,15,20,27,36
47.0803078, 15.4174819,0,15,21,28,37
47.0846804, 15.4565556,0,12,16,22,29
47.0875737, 15.4580091,0,17,23,31,40
47.070896, 15.457768,0,18,24,32,43
47.0381075, 15.4157458,3,15,21,28,37
47.0399609, 15.4034219,0,13,18,24,31
47.0401082, 15.4026502,2,17,23,31,41
47.0899448, 15.4161784,3,16,22,30,39
47.056311, 15.4815479,0,17,22,30,40
47.0563228, 15.4813296,2,13,17,23,31
47.0367548, 15.4622956,2,7,10,14,18
47.0433999, 15.4737974,0,20,27,36,47
47.0887178, 15.4544994,0,10,14,19,25
47.0892951, 15.4376604,1,14,19,26,34
47.089344, 15.4376497,0,20,27,37,48
47.0907729, 15.4523588,2,15,21,28,36
47.0909825, 15.4519649,0,17,23,30,40
47.0932032, 15.4376103,2,11,14,19,26
47.0966193, 15.4422188,2,10,14,18,24
47.0988777, 15.4483216,2,13,18,24,31
47.0989492, 15.4483867,0,17,23,31,41
47.0784459, 15.4108483,0,14,18,25,32
47.0978963, 15.4094704,0,13,17,23,30
47.0745704, 15.4301167,0,15,20,27,36
47.0748649, 15.4461388,0,17,23,31,41
47.0976752, 15.4679784,2,11,15,20,26
47.0777413, 15.452935,3,11,15,21,27
47.0817291, 15.4576854,0,13,17,23,30
47.0344405, 15.4631594,0,17,23,31,41
47.0346418, 15.4630792,2,15,20,27,36
47.0730269, 15.4141346,0,20,27,36,47
47.0726172, 15.4127898,0,17,23,30,40
47.0729411, 15.407058,0,14,19,26,34
47.0682549, 15.4357035,0,18,24,32,42
47.0960027, 15.401405,0,15,20,27,36
47.0596262, 15.3958491,0,13,17,23,30
47.0597267, 15.395857,0,16,22,29,38
47.0685004, 15.4437615,0,13,17,23,30
47.0755486, 15.4302988,0,14,19,25,33
47.0574216, 15.4330125,0,18,24,32,42
47.0621966, 15.466667,0,14,19,26,34
47.0730268, 15.454624,1,12,17,23,30
47.034734, 15.4537441,0,13,18,24,32
47.0789014, 15.4476299,0,17,23,31,40
47.0681025, 15.42022,2,13,18,24,31
47.1209067, 15.4238083,2,14,18,24,32
47.0705643, 15.4026767,0,13,18,24,32
47.065449, 15.4315836,0,15,20,27,36
47.0794257, 15.4678242,2,14,18,24,32
47.0869515, 15.4605757,0,10,14,19,25
47.0752476, 15.4304989,0,12,17,22,29
47.0401969, 15.4078281,0,12,16,22,29
47.0655954, 15.4316557,0,18,24,32,42
47.0541219, 15.4436721,0,17,22,30,39
47.054081, 15.4566494,0,16,21,29,38
47.0538602, 15.4567938,2,13,18,24,32
47.0541975, 15.4438515,2,12,17,23,30
47.0516173, 15.4585739,2,13,18,24,32
47.0573831, 15.4332261,2,12,16,21,28
47.0575662, 15.4339224,0,21,28,37,49
47.0594929, 15.4273022,3,9,12,16,21
47.05203, 15.4550744,0,16,21,29,38
47.0585745, 15.4303672,0,11,15,20,27
47.0894026, 15.4600976,0,14,19,26,34
47.0567401, 15.4747648,0,12,16,22,29
47.0517943, 15.4552079,2,12,16,21,28
47.0420212, 15.4706819,1,12,16,21,28
47.0419298, 15.470483,0,19,25,34,45
47.0362305, 15.4800092,1,14,19,26,34
47.0437338, 15.4874358,2,13,17,23,30
47.0705514, 15.4030511,0,16,21,29,38
47.0690842, 15.3962509,0,15,20,26,35
47.0691261, 15.3959132,2,16,22,29,39
47.0750503, 15.4997276,2,10,13,18,24
47.079229, 15.467921,0,15,21,28,36
47.0574829, 15.4514184,0,16,22,30,39
47.0577439, 15.4520245,0,10,14,19,25
47.0588749, 15.407367,1,16,21,28,37
47.0589072, 15.4070087,0,19,25,34,44
47.0574579, 15.4333571,0,14,19,26,34
47.050774, 15.3943741,0,17,22,30,39
47.0429213, 15.4375782,1,16,22,29,38
47.0671988, 15.4824463,0,13,17,23,30
47.0982957, 15.4041101,0,15,20,26,35
47.0486788, 15.4524255,0,11,14,19,25
47.0624948, 15.4230134,0,13,18,24,32
47.0765866, 15.4073194,0,15,20,27,36
47.0875837, 15.4124085,1,16,22,29,39
47.1024345, 15.4249691,0,15,20,26,35
47.0819841, 15.4542366,0,16,22,29,39
47.0928946, 15.4069589,3,12,16,21,28
47.0389601, 15.4523117,1,14,19,26,34
47.0912079, 15.4302161,1,15,20,26,35
47.0604806, 15.4305458,0,19,26,34,45
47.0926531, 15.4063991,0,14,19,25,33
47.0986466, 15.4181551,0,13,18,24,32
47.0333925, 15.4435955,0,15,20,26,35
47.0677381, 15.4246913,2,12,16,22,29
47.0683776, 15.4545925,0,15,20,27,36
47.105982, 15.488031,0,14,18,25,32
47.0672571, 15.4420328,0,10,14,18,24
47.0688313, 15.4415607,0,14,19,26,34
47.0844536, 15.4598585,1,14,18,25,33
47.0789538, 15.4674948,0,10,14,19,25
47.0625978, 15.4512194,2,14,19,26,34
47.067327, 15.441733,0,18,24,33,43
47.0662052, 15.4658613,0,16,21,28,38
47.0738488, 15.4077154,0,16,22,29,38
47.0662436, 15.4624351,0,11,15,20,27
47.0754373, 15.4308113,0,16,21,28,37
47.0734285, 15.4190499,0,15,20,27,35
47.0741752, 15.4401082,0,16,21,29,38
47.0859943, 15.4202517,0,16,21,28,37
47.0633193, 15.44338,3,11,15,20,27
47.0707241, 15.4396996,0,14,19,26,34
47.0694264, 15.4424774,0,13,17,23,30
47.0805172, 15.450841,0,14,19,26,34
47.0728631, 15.4049043,0,12,17,22,29
47.066387, 15.4508574,0,18,24,32,42
47.041069, 15.4127494,0,12,17,22,29
47.0683609, 15.4455458,0,12,17,22,29
47.0819928, 15.4331648,0,15,20,26,35
47.1135098, 15.4237786,0,12,16,21,28
47.0724405, 15.4416738,0,13,18,24,32
47.0472541, 15.4154389,2,12,17,22,30
47.0334308, 15.4322877,1,18,24,32,43
47.0272738, 15.4663009,0,16,22,30,39
47.0747618, 15.4313773,0,14,19,26,34
47.046893, 15.3853617,0,14,18,24,32
47.0675273, 15.4373679,0,17,23,30,40
47.0677838, 15.4445385,0,16,21,28,37
47.0664484, 15.439922,0,16,21,28,37
47.0252467, 15.4010068,0,14,19,26,34
47.0719985, 15.4476434,0,10,14,19,25
47.0679245, 15.4376769,0,14,19,26,34
47.068943, 15.4845494,1,13,18,24,31
47.0794077, 15.4418425,2,16,22,29,38
47.109742, 15.3922569,1,17,23,31,40
47.0743756, 15.4172528,1,13,17,23,31
47.0569366, 15.4530571,0,16,21,28,37
47.099413, 15.4757497,0,19,25,34,45
47.0862584, 15.4279467,0,13,17,23,31
47.0684215, 15.4069059,2,19,25,34,44
47.0683838, 15.4546074,0,12,17,22,30
47.0748698, 15.4350626,0,15,20,26,35
47.0508681, 15.4016527,3,14,19,26,34
47.0197536, 15.4054004,0,15,20,26,35
47.0706815, 15.4176386,0,12,17,22,30
47.0716878, 15.4160341,0,13,18,24,31
47.0533303, 15.4483988,0,13,17,23,31
47.0532938, 15.4482835,0,15,21,28,36
47.0703045, 15.4177824,0,15,21,28,36
47.0399958, 15.4626668,2,20,27,36,47
47.0200442, 15.4053519,0,18,24,32,42
47.0198792, 15.4053707,3,13,18,24,32
47.050611, 15.4786046,0,15,21,28,36
47.0630084, 15.4580967,0,17,23,31,40
47.0283173, 15.4338704,0,15,20,26,35
47.0611353, 15.4446691,0,14,19,26,34
47.0787525, 15.4729648,2,15,20,26,35
47.0690799, 15.4845805,0,17,22,30,40
47.064432, 15.4370267,0,12,17,22,30
47.0665041, 15.4410314,0,14,18,25,33
47.0674784, 15.4441052,0,16,21,28,37
47.0809613, 15.4035643,0,15,21,28,36
47.0675619, 15.4404713,0,15,20,27,36
47.0704764, 15.4379453,0,14,18,25,32
47.0513954, 15.4266303,0,17,23,30,40
47.0662927, 15.4471863,0,20,27,36,47
47.0755552, 15.4587509,0,16,21,28,37
47.071136, 15.4484564,0,14,19,25,33
47.0549962, 15.4385115,0,16,22,30,39
47.071998, 15.436889,0,13,18,24,31
47.0692605, 15.4419494,2,13,17,23,30
47.08103, 15.4337673,3,15,20,26,35
47.0717809, 15.4285791,0,8,11,15,19
47.0729755, 15.4096242,2,12,16,21,28
47.0181909, 15.3993247,0,14,18,25,32
47.0640704, 15.4425404,0,11,15,20,27
47.1136356, 15.421635,0,12,16,22,28
47.0709558, 15.4278941,0,13,18,24,32
47.0759409, 15.4302029,0,10,14,19,25
47.0668937, 15.429748,0,13,18,24,32
47.1055521, 15.3971177,1,13,18,24,31
47.0711379, 15.431064,0,15,20,26,35
47.0642427, 15.4315653,0,17,23,31,41
47.0657735, 15.4320063,0,15,20,27,36
47.077802, 15.4627924,0,15,20,26,35
47.0594169, 15.4518812,0,15,20,27,35
47.0907447, 15.4595088,2,15,20,27,36
47.0679456, 15.4543162,1,12,16,22,29
47.0743986, 15.418842,0,14,19,26,34
47.0782556, 15.4197262,2,15,21,28,36
47.0833712, 15.4308782,0,11,15,20,27
47.0760916, 15.4299213,0,17,22,30,40
47.0636134, 15.4658169,0,17,23,31,41
47.0762682, 15.429675,0,13,17,23,31
47.0719002, 15.4023934,0,14,19,25,33
47.07022, 15.42403,0,12,17,22,29
47.0711724, 15.4203378,0,16,22,29,39
47.0540196, 15.4323028,0,12,16,21,28
47.0618472, 15.4334797,0,14,19,25,33
47.0684191, 15.4462316,0,12,17,22,29
47.0682874, 15.4465001,0,15,20,26,35
47.095154, 15.4019427,2,10,14,18,24
47.065952, 15.428071,0,18,24,32,42
47.0236811, 15.4296595,0,12,16,22,29
47.0473117, 15.3944305,3,15,20,26,35
47.0891495, 15.4288153,3,14,19,25,33
47.0684152, 15.407773,0,13,17,23,30
47.0380321, 15.4393497,2,12,17,22,29
47.0698332, 15.4084177,0,17,23,30,40
47.0386119, 15.3959927,2,13,18,24,31
47.0991833, 15.475846,0,15,20,27,36
47.0671369, 15.4395594,0,12,17,23,30
47.0640733, 15.4315304,0,13,17,23,31
47.0797976, 15.4258907,0,16,21,28,37
47.0803103, 15.4158422,0,17,23,30,40
47.0564081, 15.3963403,2,14,19,25,33
47.0982276, 15.4738808,2,11,15,20,26
47.0445626, 15.4624241,0,19,26,35,46
47.0477993, 15.4536388,0,12,17,22,30
47.0997055, 15.4784915,3,11,14,19,26
47.1030112, 15.4875303,0,21,28,38,50
47.0989999, 15.4760848,0,13,18,24,32
47.101392, 15.484032,3,11,15,20,26
47.096757, 15.46968,0,13,17,23,31
47.0414015, 15.4296083,1,15,21,28,37
47.0790583, 15.3965383,0,15,20,27,36
47.0606058, 15.392707,3,12,17,22,30
47.1027474, 15.421807,0,19,26,34,45
47.0376133, 15.4305622,2,13,18,24,31
47.0454103, 15.4300596,2,12,16,21,28
47.0682192, 15.4600174,0,17,23,30,40
47.058649, 15.4804873,0,18,24,32,42
47.0868596, 15.4605735,0,12,17,23,30
47.0938398, 15.4653723,2,11,15,20,26
47.0579779, 15.4378089,0,17,23,31,41
47.0583648, 15.4410834,2,9,13,17,23
47.0703736, 15.4105145,0,11,15,21,27
47.0966435, 15.4695733,0,17,23,30,40
47.104731, 15.4892444,0,14,19,26,34
47.0603888, 15.4644551,0,14,19,25,33
47.070331, 15.4104616,0,15,21,28,37
47.0703624, 15.4105988,0,14,19,25,34
47.0632931, 15.4432082,0,11,15,20,27
47.0614555, 15.4442117,0,18,24,32,42
47.0895833, 15.4603205,0,18,24,32,42
47.0865456, 15.4605653,0,15,20,27,36
47.0896152, 15.4604796,0,15,20,26,35
47.093632, 15.464946,0,20,27,37,48
47.0990235, 15.4762344,0,14,19,25,33
47.101444, 15.4842429,0,14,19,25,33
47.0615593, 15.4724019,0,15,21,28,37
47.0586321, 15.48055,0,18,24,33,43
47.0593389, 15.4453672,0,18,25,33,44
47.0992513, 15.421167,0,14,19,25,33
47.0580035, 15.437814,0,15,21,28,36
47.0582925, 15.440288,0,11,15,20,26
47.0376106, 15.4306002,0,14,18,25,33
47.0454143, 15.4300202,0,12,17,22,30
47.0610954, 15.4440439,0,12,16,22,29
47.0703688, 15.4106519,0,19,25,34,44
47.0728828, 15.4123403,0,13,17,23,30
47.0665886, 15.4420995,0,13,18,24,31
47.0751422, 15.3967052,0,15,21,28,37
47.0751708, 15.396725,0,18,24,32,42
47.0730452, 15.4018029,0,16,21,28,37
47.0731043, 15.4012039,0,21,29,38,51
47.072958, 15.404492,0,14,19,26,34
47.072942, 15.4079938,0,15,20,27,36
47.0730118, 15.4084345,0,15,20,27,36
47.0729763, 15.4048293,0,18,24,33,43
47.0721249, 15.4125519,0,16,21,28,37
47.0705999, 15.4135712,0,14,19,26,34
47.0706623, 15.4143195,0,12,16,22,29
47.0712353, 15.4244213,0,15,20,27,36
47.0712691, 15.4242627,0,18,24,32,43
47.0710632, 15.4284641,0,13,18,24,32
47.0710999, 15.4281954,0,16,21,29,38
47.0708777, 15.4342881,0,15,20,27,36
47.0709012, 15.4340751,0,17,22,30,40
47.0711628, 15.4383496,0,12,17,23,30
47.0713001, 15.438182,0,20,27,37,48
47.0674147, 15.4424946,0,11,15,20,27
47.0674683, 15.4426074,0,14,18,25,32
47.0675095, 15.4422256,0,17,23,30,40
47.0684841, 15.4458569,0,15,20,27,36
47.0686832, 15.4461144,0,17,22,30,39
47.0707879, 15.4479737,0,13,18,24,32
47.0709338, 15.448124,0,14,19,26,34
47.0720824, 15.4503697,0,15,20,26,35
47.0721886, 15.4509469,0,18,25,33,44
47.0732944, 15.4539328,0,16,22,29,39
47.0738573, 15.4549393,0,16,22,30,39
47.0751449, 15.4581978,0,13,17,23,31
47.0751964, 15.4583907,0,17,23,30,40
47.0765481, 15.4580148,0,15,20,27,36
47.0768325, 15.4577539,0,18,24,32,43
47.0790295, 15.4579981,0,20,26,35,46
47.079445, 15.4579726,0,14,18,25,33
47.0833112, 15.4599679,0,13,18,24,32
47.0684923, 15.3921652,2,12,17,22,29
47.0684597, 15.3921235,0,14,19,26,34
47.0630425, 15.3923277,0,14,18,24,32
47.0634028, 15.3922787,0,15,21,28,37
47.064681, 15.3922759,0,14,19,26,34
47.065123, 15.392227,2,14,18,25,32
47.0683996, 15.4010057,0,17,23,31,41
47.0684637, 15.4008343,3,12,16,22,29
47.0700825, 15.406294,0,16,21,28,37
47.0701238, 15.4061359,0,13,18,24,32
47.070558, 15.4026543,0,16,22,29,39
47.0701036, 15.4097025,0,18,24,32,43
47.0701114, 15.4099929,0,14,18,25,33
47.0779021, 15.4639434,0,16,21,28,37
47.0784605, 15.464216,0,15,20,27,36
47.0664654, 15.4472341,0,13,17,23,30
47.0664884, 15.4472397,0,15,20,27,36
47.06659, 15.4465908,0,15,20,27,36
47.0677152, 15.4506256,0,16,21,28,37
47.067773, 15.450796,0,14,19,25,33
47.068705, 15.4525761,0,15,20,27,35
47.0688753, 15.4528399,0,12,16,21,28
47.0701932, 15.4553936,0,14,18,25,32
47.0702013, 15.4560325,0,16,21,29,38
47.0691875, 15.4589557,0,17,22,30,40
47.0692511, 15.4586926,0,13,18,24,32
47.0661659, 15.4470733,0,15,20,27,35
47.0640173, 15.4499399,0,15,20,27,36
47.0635505, 15.4508364,0,15,20,27,36
47.0594194, 15.4528522,0,16,21,29,38
47.0593649, 15.4525746,2,10,13,18,24
47.061221, 15.4585727,1,14,19,26,34
47.0612424, 15.4585525,0,15,20,27,36
47.0602343, 15.4636634,0,12,16,22,29
47.0604102, 15.4631627,0,19,25,34,44
47.0602152, 15.4687441,0,15,20,27,35
47.0596548, 15.4747522,0,18,25,33,44
47.059851, 15.4746624,0,13,17,23,30
47.0615745, 15.4724393,2,12,16,22,29
47.0604122, 15.4695698,0,15,20,27,36
47.0575935, 15.4753762,0,10,14,19,25
47.0578482, 15.475229,0,15,20,27,36
47.0672031, 15.4422168,0,15,20,27,35
47.0672955, 15.4425799,0,17,23,31,40
47.0665901, 15.4420808,0,16,22,29,39
47.0665908, 15.4421161,0,13,18,24,32
47.0672441, 15.4418497,0,12,16,21,28
47.0674639, 15.4418041,0,19,25,34,44
47.0628772, 15.4434772,0,13,17,23,30
47.0595532, 15.4452952,2,12,16,22,28
47.0609172, 15.4445469,0,12,16,21,28
47.0536355, 15.4489914,0,17,23,31,41
47.0540811, 15.4486986,0,13,18,24,31
47.0472915, 15.4542805,0,13,17,23,30
47.0477143, 15.4534482,0,15,20,27,35
47.0445508, 15.4623848,1,14,19,25,33
47.0491082, 15.433048,0,13,17,23,31
47.0495314, 15.4330488,0,16,22,30,39
47.0468893, 15.4329691,0,17,23,31,41
47.0521516, 15.4326017,0,17,23,31,40
47.0521553, 15.4326432,0,16,22,30,39
47.0873607, 15.4295976,0,16,21,28,37
47.0875789, 15.4294896,0,10,14,18,24
47.0824503, 15.433032,0,19,25,34,44
47.0823609, 15.4331364,0,15,21,28,36
47.0773605, 15.4345209,0,16,22,29,38
47.0773618, 15.4345595,0,17,23,31,41
47.0800776, 15.4330614,0,18,24,33,43
47.080312, 15.4329424,0,16,21,28,37
47.0938645, 15.4231526,0,16,21,28,37
47.0938845, 15.4231765,0,13,18,24,31
47.0904417, 15.4274497,0,15,20,26,35
47.0904522, 15.4274853,0,12,17,22,30
47.0741232, 15.4352663,0,13,17,23,30
47.0746485, 15.4348777,2,12,17,22,29
47.0725998, 15.43637,0,14,19,25,34
47.0727959, 15.4362308,0,17,23,31,41
47.0848277, 15.4314131,0,22,30,40,53
47.0850645, 15.431207,0,15,20,27,36
47.099059, 15.421107,0,11,15,20,27
47.0574231, 15.4333694,0,18,24,32,42
47.0574362, 15.4330091,0,14,18,25,33
47.0574414, 15.433361,0,13,17,23,31
47.0705388, 15.4030464,0,15,20,27,36
47.0690985, 15.3962553,1,11,15,21,27
47.0691106, 15.3959085,0,15,20,27,36
47.103012, 15.4875287,1,14,19,26,34
47.0997858, 15.4789525,0,15,20,27,35
47.02329907, 15.37354338,1,15,21,28,37
47.02874969, 15.37278393,1,15,20,26,35
47.03150758, 15.37174828,1,15,20,26,35
47.0341351, 15.37333619,1,15,20,27,36
47.02214059, 15.37869744,1,16,21,28,37
47.02560029, 15.38168914,1,12,16,22,28
47.02098186, 15.38385129,1,11,15,20,26
47.02533898, 15.38693552,1,14,19,26,34
47.02669367, 15.37784643,1,11,15,20,26
47.02945162, 15.37681108,1,15,20,27,35
47.03207906, 15.37839917,2,17,23,30,40
47.0300881, 15.38215006,1,16,22,29,38
47.02809701, 15.38590067,2,12,16,22,28
47.03271546, 15.38373844,1,12,17,22,29
47.03162187, 15.38758146,2,15,21,28,36
47.02424528, 15.39077795,1,13,18,24,32
47.01776612, 15.39406596,1,14,18,25,33
47.0212254, 15.39705841,1,16,21,29,38
47.02398353, 15.39602415,2,12,16,22,29
47.02879845, 15.38992795,1,13,18,24,32
47.03232324, 15.39160904,2,12,17,23,30
47.02757372, 15.39639384,1,12,16,22,28
47.03033183, 15.39535945,3,12,17,22,30
47.01730762, 15.40324564,2,16,22,29,38
47.0243568, 15.40660902,2,15,20,26,35
47.02801255, 15.40566781,2,12,17,22,29
47.02691818, 15.40951005,2,14,19,25,33
47.03063956, 15.4072573,2,10,14,19,25
47.0176802, 15.41382922,1,13,17,23,30
47.02492615, 15.41325942,1,20,27,36,47
47.02748734, 15.41616081,1,14,19,26,34
47.02954513, 15.4110997,2,16,22,29,39
47.03024563, 15.41512745,2,14,19,26,34
47.02549508, 15.41990997,2,15,21,28,37
47.03094597, 15.41915531,2,16,22,29,38
47.02812188, 15.42150009,1,12,16,21,28
47.01894927, 15.42450587,1,14,19,26,34
47.02267096, 15.42225448,1,18,25,33,44
47.02523192, 15.42515618,2,13,17,23,30
47.02111479, 15.43527612,2,13,18,24,31
47.01912187, 15.43902413,1,14,18,25,33
47.01629734, 15.44136736,1,15,20,27,36
47.0227119, 15.43939671,1,16,21,28,38
47.02161634, 15.44323789,2,18,24,32,42
47.02726541, 15.43855094,2,16,21,28,37
47.03085542, 15.43892358,1,14,19,26,34
47.02527238, 15.44229926,2,18,24,32,42
47.02789884, 15.4438905,1,16,22,29,39
47.01859344, 15.44951508,2,11,15,20,26
47.02231564, 15.44726548,1,21,28,37,49
47.02121981, 15.45110647,2,19,25,34,45
47.02191882, 15.45513414,2,14,19,25,34
47.02590563, 15.44763866,1,15,21,28,37
47.02474363, 15.45279141,1,18,24,32,42
47.01537154, 15.45972538,2,14,19,25,33
47.01607023, 15.46375272,2,16,22,29,39
47.02517762, 15.46206543,2,17,23,31,41
47.02800258, 15.45972293,2,12,16,22,29
47.02959874, 15.46384484,2,13,17,23,31
47.0165033, 15.47302531,1,17,23,30,40
47.01856374, 15.46796742,1,16,21,28,37
47.02278561, 15.47368139,1,17,23,30,40
47.02926708, 15.47040288,2,14,19,26,34
47.02650829, 15.47143333,2,14,19,25,33
47.0254116, 15.47527413,2,10,13,17,23
47.0261097, 15.47930246,2,12,16,21,28
47.117817, 15.35948605,1,15,20,26,35
47.04638969, 15.36272411,1,17,22,30,39
47.04901732, 15.36431205,1,16,21,29,38
47.05061711, 15.36843267,1,14,19,26,34
47.05324465, 15.37002104,3,14,19,25,33
47.05683489, 15.37038927,1,15,20,27,36
47.05484421, 15.37414217,1,15,20,27,35
47.05747165, 15.37573097,1,18,24,32,43
47.06009907, 15.37731994,1,15,20,27,35
47.03527745, 15.38663882,3,11,15,20,26
47.03790473, 15.3882276,1,11,15,21,27
47.03495046, 15.39319797,1,18,25,33,43
47.04270091, 15.40058978,2,12,16,21,28
47.05362041, 15.38061159,1,16,22,30,39
47.05086247, 15.38164714,1,14,19,25,33
47.05432202, 15.38464078,3,14,19,25,34
47.05156404, 15.38567613,1,14,19,26,34
47.053163, 15.38979762,2,18,24,32,42
47.0569493, 15.38623009,2,14,19,25,33
47.06080079, 15.38134958,2,14,19,26,34
47.05970728, 15.38519467,2,11,14,19,26
47.06355872, 15.38031385,1,15,20,27,36
47.06426033, 15.3843438,1,16,21,29,38
47.06226918, 15.3880967,2,15,20,27,36
47.05579021, 15.39138715,3,18,24,32,43
47.05622942, 15.40066606,1,15,20,26,35
47.07901276, 15.37794397,1,15,20,27,36
47.08562167, 15.37202437,1,19,25,33,44
47.08818388, 15.37492725,1,11,14,19,25
47.09177403, 15.37529621,1,13,18,24,32
47.09696344, 15.37978993,1,18,24,33,43
47.0668876, 15.38593343,2,17,23,30,40
47.07047775, 15.3863029,1,16,22,29,38
47.07117913, 15.39033348,2,17,22,30,39
47.07586295, 15.38685724,1,15,21,28,36
47.07476925, 15.3907033,1,19,25,33,44
47.07849016, 15.38844737,1,15,21,28,37
47.0773964, 15.3922936,1,15,20,27,36
47.06546672, 15.3963418,2,15,20,27,35
47.08105193, 15.39135065,2,15,20,27,36
47.08367907, 15.39294119,1,12,16,21,28
47.08945662, 15.38561734,1,16,22,30,39
47.08713823, 15.39593758,1,14,19,26,34
47.08438019, 15.39697288,1,19,26,34,45
47.03628708, 15.40256577,2,14,19,26,34
47.03352892, 15.40359988,3,16,21,28,37
47.03698789, 15.40659392,1,15,20,27,36
47.04340179, 15.4046184,4,13,17,23,31
47.04410251, 15.40864714,2,17,23,31,40
47.03479896, 15.4142795,2,19,26,35,46
47.03530203, 15.42224312,1,14,19,26,34
47.0418477, 15.41764563,1,14,18,25,33
47.04254794, 15.42167443,1,14,18,25,32
47.04537202, 15.41932906,3,10,13,18,23
47.0469697, 15.4234511,1,14,19,25,33
47.04968449, 15.40526681,2,15,20,27,36
47.05513522, 15.40451044,2,17,23,31,41
47.06301608, 15.40928195,1,17,23,30,40
47.05255212, 15.42007217,2,13,18,24,32
47.05511308, 15.4229755,2,14,19,25,33
47.05916336, 15.41416062,2,17,23,31,41
47.05986371, 15.41819072,1,14,19,25,33
47.05787139, 15.42194204,2,13,18,24,32
47.03420708, 15.42608555,1,18,24,32,43
47.03779713, 15.42645741,2,17,23,31,41
47.03650429, 15.43423541,2,15,20,26,35
47.0405555, 15.42542443,2,13,18,24,31
47.04016024, 15.43329595,4,9,13,17,23
47.03444543, 15.43929629,2,16,21,29,38
47.04701037, 15.44060127,1,12,17,22,29
47.04963682, 15.44219315,1,10,13,17,23
47.05033613, 15.44622289,1,18,25,33,44
47.06647483, 15.41227816,1,16,22,29,38
47.06428549, 15.41996776,2,12,16,21,28
47.08293551, 15.4258593,3,11,15,21,27
47.09037869, 15.42135146,1,17,22,30,40
47.09460282, 15.4270698,2,12,17,22,29
47.08888846, 15.43307669,1,18,24,32,42
47.08842655, 15.44226851,1,16,22,29,38
47.0938774, 15.44151566,2,16,21,29,38
47.0918843, 15.44526847,3,16,21,28,37
47.08636733, 15.44733397,1,15,20,27,36
47.08706641, 15.45136664,1,17,22,30,40
47.09348091, 15.44939506,2,13,18,24,32
47.11293879, 15.36690869,1,15,20,27,35
47.11094825, 15.37066561,1,16,22,30,39
47.10806006, 15.37432998,2,16,21,29,38
47.1069668, 15.37817863,1,12,16,21,28
47.11235194, 15.37873273,1,13,18,24,32
47.11029567, 15.38380289,1,15,20,27,36
47.11646377, 15.36859125,1,13,18,24,32
47.09830109, 15.38916853,1,19,25,34,45
47.10362077, 15.39103716,1,14,18,24,32
47.10239595, 15.39751216,2,14,19,25,34
47.10040436, 15.40126721,2,16,22,30,39
47.10110514, 15.40530032,2,15,21,28,36
47.10937938, 15.40219457,1,14,19,26,34
47.11292287, 15.38539402,1,13,17,23,30
47.11266132, 15.3906491,1,15,21,28,36
47.11752243, 15.40171568,1,17,23,31,41
47.11200631, 15.4037866,1,16,21,28,37
47.11476437, 15.40275119,1,13,17,23,30
47.11726007, 15.40697116,2,19,25,34,45
47.12130902, 15.39814489,1,11,15,20,26
47.12014934, 15.40330795,1,11,14,19,25
47.12264501, 15.40752839,1,17,23,30,40
47.12527183, 15.40912113,1,15,20,27,36
47.13214448, 15.39794359,1,13,18,24,31
47.12938648, 15.39897954,1,12,16,21,28
47.13098481, 15.40310771,1,20,27,36,48
47.1298249, 15.40827161,1,15,20,27,35
47.13258298, 15.40723613,1,16,21,29,38
47.09615811, 15.41402981,1,15,21,28,36
47.10071128, 15.41318104,1,16,21,28,37
47.10423554, 15.41486628,2,16,21,29,38
47.0982586, 15.42612904,1,16,22,29,39
47.11018914, 15.4220855,1,14,18,24,32
47.11796063, 15.41100566,1,14,19,25,33
47.12155057, 15.41137742,1,10,14,18,24
47.12417734, 15.41297032,1,13,17,23,30
47.120456, 15.41522629,1,15,20,27,36
47.1230827, 15.41681935,1,17,23,31,41
47.12673835, 15.41587747,1,16,21,29,38
47.12564362, 15.41972663,2,14,18,25,33
47.11088914, 15.42611966,2,11,15,21,27
47.11896639, 15.42695837,1,8,10,14,18
47.12159293, 15.42855197,1,17,23,31,41
47.12518279, 15.42892497,1,13,18,24,31
47.09530265, 15.43110283,1,13,18,24,32
47.09600232, 15.43513596,1,15,20,27,35
47.09876069, 15.43410246,1,11,15,20,26
47.09939425, 15.4394493,2,14,18,25,32
47.10434331, 15.43072165,1,20,26,35,46
47.10696981, 15.43231495,2,16,21,28,37
47.1085669, 15.43644235,2,15,21,28,37
47.10926636, 15.44047659,1,11,14,19,25
47.10009361, 15.44348287,1,20,27,36,48
47.10245548, 15.45033049,1,11,15,20,26
47.10508169, 15.45192471,2,19,26,35,46
47.10886992, 15.44835831,1,9,12,17,22
47.11222273, 15.43550204,1,18,24,32,43
47.11484914, 15.43709584,2,19,25,33,44
47.1128562, 15.44085028,1,12,17,23,30
47.11740951, 15.44000365,1,16,21,28,37
47.12049774, 15.43240049,2,16,21,29,38
47.12312419, 15.43399441,1,12,17,23,30
47.12588252, 15.4329604,2,11,15,20,26
47.12106536, 15.43906347,1,11,15,20,27
47.12452312, 15.44206521,1,16,21,29,38
47.10996567, 15.44451095,1,14,19,26,34
47.11541647, 15.44375815,1,13,18,24,31
47.11432075, 15.44760592,1,17,23,30,40
47.11315873, 15.45276725,1,16,21,28,37
47.11674851, 15.45314183,1,13,17,23,30
47.11900629, 15.44413213,3,11,15,21,27
47.11791055, 15.44798015,1,16,21,28,38
47.12522235, 15.44610078,1,13,18,24,31
47.12047063, 15.45088867,1,15,20,27,35
47.1240604, 15.4512632,1,18,25,33,44
47.12475929, 15.45529886,1,16,21,28,37
47.12783295, 15.41202816,2,12,17,22,29
47.13142287, 15.4124001,1,15,20,27,35
47.12820444, 15.4226342,1,12,16,22,29
47.12658209, 15.43699595,1,19,25,33,44
47.127584, 15.45295187,1,13,18,24,31
47.03205585, 15.45091527,1,15,20,27,36
47.03717607, 15.45672287,1,15,21,28,36
47.04282568, 15.45203608,2,15,20,27,35
47.04172967, 15.45587845,1,10,13,17,23
47.0443559, 15.45747092,1,11,15,20,26
47.03351993, 15.45766067,2,13,18,24,32
47.03388715, 15.46824801,2,15,21,28,36
47.0366459, 15.46721728,1,14,19,26,34
47.03927196, 15.46881015,2,12,16,22,29
47.04781332, 15.4604692,1,11,15,20,27
47.04851195, 15.46449906,3,13,18,24,32
47.05313187, 15.46234299,3,13,18,24,32
47.04568691, 15.46684215,2,16,21,28,37
47.04921043, 15.46852904,2,14,18,25,33
47.0520355, 15.46618589,1,16,22,29,38
47.05273391, 15.47021616,3,13,18,24,31
47.05555901, 15.46787296,2,14,19,25,33
47.02996536, 15.47443144,2,14,18,25,32
47.0345855, 15.4722769,1,13,17,23,30
47.03245841, 15.47864781,1,16,22,29,38
47.030464, 15.48239499,1,12,17,23,30
47.03405383, 15.48277066,2,13,18,24,31
47.03295674, 15.48661178,1,14,19,26,34
47.03558251, 15.48820551,1,11,15,20,27
47.03847456, 15.48455217,1,14,18,25,33
47.04076734, 15.49270534,2,13,17,23,30
47.0435263, 15.49167577,2,14,18,24,32
47.04638531, 15.47087194,2,14,19,26,34
47.04894489, 15.47377741,2,13,17,23,30
47.04784812, 15.47761978,2,14,19,25,33
47.0493105, 15.48436802,2,18,24,32,42
47.04821335, 15.4882102,2,14,19,26,34
47.05180311, 15.48858647,1,17,23,31,41
47.05063917, 15.49374086,2,15,21,28,37
47.05545947, 15.48765058,1,16,22,30,39
47.05615707, 15.49168141,1,13,17,23,30
47.07550205, 15.46599781,2,15,20,27,35
47.0699183, 15.4693732,2,15,20,27,35
47.08281429, 15.46412211,1,13,17,23,31
47.08151873, 15.47190584,2,12,17,23,30
47.08909643, 15.46477842,2,11,15,20,26
47.08979485, 15.46881155,1,18,24,33,43
47.09042671, 15.47415791,1,12,16,22,29
47.06433443, 15.47274792,2,18,24,32,42
47.06234024, 15.47649752,2,13,18,24,32
47.06696036, 15.474342,2,12,17,22,29
47.06496612, 15.47809172,1,16,22,29,38
47.06207431, 15.48174718,2,13,17,23,31
47.07061657, 15.47340491,1,16,21,29,38
47.06951981, 15.47724885,2,14,18,25,33
47.07573542, 15.47921922,3,16,21,28,37
47.07546934, 15.4844702,1,12,16,22,29
47.06277213, 15.48577844,2,17,22,30,39
47.06539786, 15.48737312,1,16,21,28,37
47.06167493, 15.48962157,1,12,16,22,29
47.06237245, 15.49365291,1,21,28,38,50
47.06609547, 15.49140473,2,16,21,29,38
47.06499807, 15.49524798,2,20,27,36,48
47.07513639, 15.49103386,2,19,25,33,44
47.08215044, 15.47725139,2,14,19,25,33
47.08188445, 15.48250302,1,13,18,24,32
47.08560721, 15.48025329,2,13,18,24,32
47.09188922, 15.48091159,1,10,13,18,24
47.08072078, 15.48766045,2,13,17,23,30
47.08121837, 15.49563188,1,15,20,27,36
47.08411062, 15.49197591,1,18,25,33,43
47.08474134, 15.49732199,2,13,17,23,30
47.08853106, 15.49376015,1,17,22,30,40
47.0892284, 15.49779364,1,11,15,21,27
47.03697758, 15.49626422,1,13,18,24,31
47.03960319, 15.49785857,1,13,18,24,32
47.04222879, 15.49945309,1,15,21,28,37
47.04292597, 15.50348306,1,16,21,28,37
47.04864425, 15.49748873,1,17,23,30,40
47.05216726, 15.49917779,1,16,22,30,39
47.05858269, 15.4972131,2,15,20,27,36
47.06120826, 15.49880822,2,15,21,28,37
47.0665928, 15.49937396,2,18,25,33,44
47.06542834, 15.50452955,1,13,18,24,32
47.07274123, 15.50265949,2,16,22,30,39
47.07164344, 15.50650299,2,10,13,18,24
47.07812572, 15.50322583,1,16,21,28,37
47.0752999, 15.50556807,1,13,18,24,32
47.08992559, 15.50182724,2,15,20,26,35
47.08793042, 15.50557752,1,17,23,31,41
47.09055581, 15.50717404,1,15,20,27,35
47.08503771, 15.509233,1,17,22,30,40
47.08304228, 15.51298267,1,18,24,33,43
47.09028837, 15.51242639,1,15,21,28,37
47.09667365, 15.45764901,3,17,23,31,41
47.10026345, 15.45802374,1,14,18,25,33
47.09820349, 15.46308971,2,14,19,26,34
47.10135953, 15.45417719,1,13,18,24,31
47.10385323, 15.45839852,2,17,23,31,41
47.10750925, 15.45745981,1,16,21,28,37
47.10096211, 15.46205764,1,13,18,24,32
47.10358814, 15.4636524,1,15,20,27,35
47.10814164, 15.46280785,1,17,23,31,41
47.09408287, 15.47322048,1,14,19,26,34
47.10069685, 15.46731121,3,12,16,22,29
47.10325642, 15.47021968,1,15,20,27,35
47.1069789, 15.46796826,1,10,13,17,23
47.10299076, 15.47547344,1,16,22,30,39
47.10767718, 15.47200282,1,13,18,24,32
47.12366316, 15.45914707,1,13,18,24,32
47.11891087, 15.46393366,1,17,22,30,40
47.10973755, 15.4669363,2,11,15,20,27
47.11043587, 15.47097106,1,19,26,35,46
47.11601958, 15.46759348,1,13,18,24,32
47.11113404, 15.47500594,1,13,18,24,31
47.12313263, 15.46965873,1,17,23,31,40
47.12037396, 15.47069077,1,16,22,29,39
47.11734954, 15.47697791,1,21,28,37,49
47.12107213, 15.47472642,1,14,19,25,33
47.12383083, 15.47369458,1,14,19,26,34
47.09478098, 15.47725411,2,11,15,20,26
47.09547893, 15.48128786,2,14,18,25,33
47.09348446, 15.4850393,1,13,17,23,30
47.09707415, 15.48541586,1,13,18,24,32
47.10368877, 15.4795078,3,10,14,18,24
47.10741143, 15.47725702,1,19,25,34,44
47.10707888, 15.4838247,1,11,15,20,26
47.0958437, 15.49188795,1,7,10,14,18
47.09743852, 15.49601632,1,12,16,21,28
47.09963324, 15.48832501,1,13,17,23,31
47.10661264, 15.49301934,1,12,16,21,28
47.10109485, 15.49508031,1,17,23,31,41
47.10461778, 15.49677111,1,14,19,26,34
47.11522217, 15.48335849,2,15,20,26,35
47.11046881, 15.48814218,1,16,22,29,38
47.12266757, 15.47885628,1,15,20,27,36
47.1214375, 15.48533164,1,17,23,31,40
47.11309443, 15.48973858,1,12,16,21,28
47.1137919, 15.49377392,2,13,18,24,31
47.11448921, 15.49780938,1,16,22,29,38
47.12117109, 15.49058717,1,8,11,15,20
47.11917631, 15.49434004,1,11,15,20,26
47.11711467, 15.4994064,1,16,21,28,37
47.1262892, 15.46074245,1,13,18,24,32
47.1254263, 15.47782463,1,17,23,30,40
47.12469405, 15.49227839,1,17,22,30,39
47.12691924, 15.50175956,1,12,16,21,28
47.09587337, 15.50905437,1,16,21,28,37
47.09986382, 15.50155268,2,18,24,32,42
47.10262278, 15.5005226,1,15,20,27,35
47.10331986, 15.50455728,1,12,16,22,29
47.10271801, 15.51637788,1,17,22,30,40
47.10534321, 15.51797544,1,16,22,29,38
47.10424487, 15.52182098,1,16,21,29,38
47.1067758, 15.5075623,1,16,22,29,39
47.11601699, 15.50325316,1,7,10,13,17
47.11960656, 15.50363123,2,17,22,30,40
47.1221651, 15.5065426,1,19,26,34,45
47.12189766, 15.51179811,1,16,21,28,37
47.1179735, 15.51798832,1,15,20,27,36
47.09693178, 15.52368924,1,16,22,29,39
47.1031464, 15.52566637,1,15,21,28,36
47.09839118, 15.53044521,1,16,22,29,38
47.10686999, 15.52341887,1,15,20,26,35
47.1075662, 15.5274542,1,13,17,23,30
47.12741571, 15.5097382,1,12,16,22,29
47.12542028, 15.51349079,1,12,16,22,29
47.12804549, 15.51508896,1,11,15,20,26
