LAT, LON, Pop 
48.21496493,14.32226408,78
48.30799994,14.24652939,25
48.3079482,14.24787506,1
48.30299182,14.25960674,2
48.30388982,14.25968258,4
48.30699844,14.24914506,2
48.30789644,14.24922072,16
48.30694667,14.2504907,79
48.30784467,14.25056639,23
48.30589325,14.25445186,77
48.30689488,14.25183634,146
48.30684308,14.25318198,2
48.30779288,14.25191205,44
48.30774108,14.25325771,20
48.30679126,14.25452761,140
48.30768926,14.25460337,70
48.30578957,14.25714307,8
48.30763742,14.25594903,96
48.30668757,14.25721887,91
48.30758556,14.25729468,136
48.3048397,14.25841285,114
48.3057377,14.25848867,171
48.30478782,14.25975842,7
48.3066357,14.2585645,29
48.30753369,14.25864033,150
48.31202367,14.25901953,6
48.31197178,14.2603653,98
48.31851707,14.2541668,40
48.3157194,14.25663123,26
48.31476954,14.25790126,183
48.31566753,14.25797709,21
48.31292167,14.25909538,8
48.31381966,14.25917124,30
48.31286978,14.26044117,2
48.31376777,14.26051705,27
48.31471766,14.2592471,71
48.31561565,14.25932296,35
48.31466576,14.26059293,80
48.31556376,14.26066882,3
48.31661739,14.25670704,51
48.31751539,14.25678286,16
48.31656553,14.25805293,3
48.31746352,14.25812878,142
48.31841338,14.25685869,30
48.31931137,14.25693451,58
48.32020937,14.25701034,112
48.31836151,14.25820463,56
48.3201575,14.25835633,82
48.31651365,14.25939882,124
48.31646175,14.26074471,22
48.31735974,14.2608206,105
48.32475119,14.25604344,288
48.32110736,14.25708618,13
48.32105549,14.25843219,73
48.32195348,14.25850805,4
48.32380134,14.2573137,6
48.32374947,14.25865978,17
48.3219016,14.25985408,31
48.32279959,14.25992997,6
48.32369758,14.26000586,4
48.32274768,14.26127602,65
48.32364567,14.26135194,91
48.32469933,14.25738955,53
48.32464746,14.25873566,62
48.3273933,14.25761711,5
48.32644344,14.25888741,17
48.32734142,14.25896329,22
48.32459556,14.26008176,13
48.32549355,14.26015766,20
48.32639154,14.26023356,83
48.32728953,14.26030947,141
48.32723762,14.26165564,9
48.33108897,14.25522803,176
48.33013913,14.25649846,70
48.33288495,14.25537969,47
48.32829129,14.25769298,66
48.32918928,14.25776884,105
48.32823941,14.25903918,145
48.32818752,14.26038538,25
48.32908551,14.26046129,19
48.33542331,14.25964638,40
48.33352352,14.26218724,35
48.33447342,14.26091684,57
48.3344215,14.2622632,116
48.33732304,14.25710534,44
48.33822103,14.25718121,5
48.33637318,14.25837588,61
48.33727117,14.25845178,188
48.33632129,14.2597223,3
48.33980939,14.26271901,15
48.34070737,14.262795,8
48.24689999,14.26566365,120
48.247798,14.26573946,2
48.24774604,14.26708352,65
48.24494802,14.26954396,1
48.243998,14.27081204,55
48.24589803,14.26827584,13
48.24859207,14.26850344,71
48.24753802,14.27245971,50
48.24199378,14.27603583,129
48.24104368,14.27730371,10
48.24194169,14.27737973,5
48.24468781,14.27626382,97
48.24463572,14.27760778,93
48.24838398,14.27387972,7
48.24558582,14.27633982,142
48.24648382,14.27641583,15
48.24738183,14.27649183,73
48.24827984,14.27656785,7
48.24732974,14.27783587,52
48.24822774,14.2779119,148
48.23117576,14.29938513,4
48.23112339,14.30072871,62
48.23824543,14.27976329,6
48.23919556,14.27849552,4
48.23914344,14.27983934,73
48.24009357,14.27857155,109
48.24004145,14.27991539,27
48.23909131,14.28118315,144
48.23998932,14.28125923,72
48.23903916,14.28252696,2
48.23993716,14.28260306,31
48.23978061,14.28663455,150
48.23972839,14.28797837,22
48.24099158,14.27864758,9
48.24093946,14.27999144,9
48.24188959,14.27872362,31
48.24088732,14.2813353,33
48.24178533,14.28141139,10
48.24458361,14.27895174,223
48.24363348,14.28021963,76
48.24453148,14.2802957,57
48.24268333,14.28148747,3
48.24358134,14.28156356,214
48.24447934,14.28163966,161
48.24263118,14.28283138,17
48.24352918,14.28290749,266
48.24442719,14.28298361,7
48.24347701,14.28425142,16
48.24437501,14.28432756,61
48.24548161,14.27902779,53
48.24542949,14.28037177,7
48.24637962,14.27910385,9
48.24632749,14.28044785,5
48.24537735,14.28171575,82
48.24627535,14.28179185,33
48.24727763,14.2791799,33
48.2472255,14.28052393,63
48.24817563,14.27925596,105
48.2481235,14.28060001,27
48.24807136,14.28194407,37
48.24532519,14.28305973,186
48.24622319,14.28313586,91
48.24527301,14.28440371,36
48.24617102,14.28447985,63
48.2480192,14.28328811,3
48.24706902,14.28455601,115
48.24796702,14.28463216,89
48.24342482,14.28559535,3
48.24432282,14.28567151,72
48.24247462,14.28686308,17
48.24427062,14.28701546,26
48.24062639,14.28805457,6
48.2415244,14.28813077,37
48.24147216,14.28947464,86
48.24421839,14.2883594,28
48.24522082,14.28574768,103
48.24611882,14.28582385,29
48.24606662,14.28716784,174
48.24701683,14.28590002,29
48.24791482,14.2859762,254
48.24786261,14.28732024,1
48.24601439,14.28851183,3
48.24596215,14.28985582,35
48.24686015,14.28993207,13
48.24775815,14.29000832,33
48.24316363,14.29231493,159
48.24216105,14.29492642,89
48.24590989,14.29119981,1
48.24680789,14.29127608,35
48.24770589,14.29135235,38
48.24675562,14.29262009,216
48.24765361,14.29269638,87
48.24670332,14.29396409,19
48.24760132,14.29404041,53
48.24659869,14.29665209,21
48.24754901,14.29538444,2
48.24739199,14.2994165,2
48.24459326,14.30187515,8
48.24549125,14.3019516,20
48.24733961,14.30076051,35
48.24638924,14.30202806,88
48.24728722,14.30210453,195
48.24943809,14.26992341,58
48.24938607,14.27126751,126
48.24928199,14.27395569,32
48.24917785,14.27664386,70
48.25007585,14.27671988,12
48.24912575,14.27798794,59
48.25002375,14.27806399,129
48.25187186,14.27687193,104
48.25092176,14.27814003,57
48.25641397,14.27590783,21
48.25546388,14.27717607,117
48.25636189,14.27725211,37
48.25541178,14.27852031,6
48.25630978,14.27859638,46
48.25831412,14.27337123,25
48.25926416,14.27210286,2
48.25921212,14.27344721,17
48.25736405,14.27463956,30
48.25826206,14.27471556,127
48.25731198,14.27598386,52
48.25820998,14.27605988,120
48.25916006,14.27479156,18
48.25910799,14.27613591,242
48.2626479,14.27778451,177
48.2635459,14.27786058,2
48.26259578,14.27912894,63
48.26349378,14.27920504,23
48.265394,14.27666821,2
48.266292,14.27674427,15
48.26718999,14.27682033,100
48.26808799,14.2768964,148
48.2644439,14.27793665,7
48.2653419,14.27801273,3
48.26623989,14.27808881,2
48.26439178,14.27928114,63
48.26528978,14.27935724,161
48.26618778,14.27943334,10
48.26713789,14.27816489,114
48.26803589,14.27824098,90
48.26708577,14.27950945,89
48.26798377,14.27958556,30
48.26898599,14.27697246,120
48.26988399,14.27704853,4
48.27083408,14.27577995,66
48.27173208,14.275856,10
48.27078199,14.27712461,5
48.27167998,14.27720069,168
48.26893389,14.27831707,61
48.26983188,14.27839317,42
48.26888177,14.27966168,4
48.26977976,14.27973779,102
48.27072988,14.27846926,2
48.27162788,14.27854536,21
48.27067776,14.27981392,60
48.27157575,14.27989004,38
48.27263007,14.27593206,14
48.27352807,14.27600812,177
48.27257798,14.27727677,234
48.27347598,14.27735285,83
48.27442607,14.27608419,5
48.27532406,14.27616025,36
48.27437397,14.27742894,151
48.27527197,14.27750503,14
48.27252587,14.27862147,69
48.27342387,14.27869758,32
48.27247375,14.27996617,24
48.27337174,14.2800423,131
48.27432186,14.27877369,8
48.27521986,14.2788498,81
48.27426974,14.28011844,12
48.27516773,14.28019458,21
48.27622206,14.27623632,14
48.27712006,14.2763124,4
48.27616996,14.27758112,62
48.27706796,14.27765722,2
48.27796595,14.27773332,9
48.27611785,14.27892592,11
48.27701584,14.27900204,64
48.27791384,14.27907817,230
48.27606572,14.28027072,8
48.27696371,14.28034686,130
48.27786171,14.28042301,77
48.27881183,14.2791543,36
48.2787597,14.28049917,162
48.27965769,14.28057532,6
48.24907364,14.27933202,26
48.24902151,14.2806761,149
48.24997164,14.27940809,37
48.24991951,14.28075219,15
48.24896936,14.28202018,23
48.24986736,14.28209629,9
48.25171551,14.28090438,153
48.25076536,14.28217241,186
48.25166337,14.28224853,21
48.2489172,14.28336425,47
48.2498152,14.28344039,180
48.24886502,14.28470832,43
48.24976302,14.28478448,191
48.2507132,14.28351653,2
48.2516112,14.28359267,36
48.25066102,14.28486064,101
48.25155902,14.28493681,13
48.25266565,14.27963631,108
48.25261352,14.28098048,5
48.25351152,14.28105659,228
48.25256137,14.28232465,15
48.25345937,14.28240078,3
48.25446166,14.27978847,131
48.25530752,14.2812088,93
48.25615337,14.28262918,164
48.2525092,14.28366882,45
48.2534072,14.28374497,229
48.25245702,14.28501298,14
48.25335502,14.28508916,74
48.2552032,14.28389728,1
48.25610119,14.28397345,68
48.25425301,14.28516534,21
48.24881282,14.28605239,12
48.24971082,14.28612857,103
48.24876061,14.28739645,45
48.24965861,14.28747266,33
48.25060882,14.28620476,4
48.25150682,14.28628095,125
48.25055661,14.28754887,54
48.25145461,14.28762509,8
48.24870839,14.28874051,64
48.24960638,14.28881674,39
48.24865614,14.29008457,31
48.24955414,14.29016083,1
48.25050438,14.28889298,2
48.25140237,14.28896922,71
48.25045213,14.29023709,62
48.25135013,14.29031335,101
48.25240482,14.28635715,55
48.25330281,14.28643335,16
48.2523526,14.28770131,49
48.2532506,14.28777753,221
48.25420081,14.28650955,120
48.25509881,14.28658575,36
48.25414859,14.28785376,14
48.25504659,14.28792998,30
48.25594458,14.28800622,53
48.25230037,14.28904546,73
48.25319837,14.28912171,194
48.25224812,14.29038962,106
48.25314612,14.29046589,31
48.25409636,14.28919796,22
48.25499435,14.28927421,107
48.25589235,14.28935047,196
48.25404411,14.29054216,146
48.2549421,14.29061844,161
48.2558401,14.29069472,105
48.25800152,14.28143716,4
48.25705136,14.28270533,18
48.25794936,14.28278147,19
48.25884736,14.28285762,1
48.25699919,14.28404961,21
48.25789719,14.28412578,17
48.256947,14.28539389,5
48.257845,14.28547009,2
48.25879519,14.28420195,109
48.26154135,14.28308608,32
48.26254365,14.28047338,20
48.26249151,14.28181781,55
48.26344165,14.2805495,123
48.26338951,14.28189396,52
48.26243935,14.28316225,65
48.26333734,14.28323841,88
48.26238717,14.28450667,72
48.26328516,14.28458286,144
48.26233497,14.2858511,13
48.26323297,14.28592731,14
48.25684258,14.28808245,8
48.25774057,14.28815869,185
48.25863857,14.28823494,124
48.25953656,14.28831118,12
48.25679034,14.28942673,45
48.25768833,14.28950299,36
48.25673809,14.290771,128
48.25763608,14.29084729,4
48.25858633,14.28957926,14
48.25948432,14.28965553,91
48.25853407,14.29092358,123
48.26138477,14.28711929,51
48.26043455,14.28838743,92
48.26133254,14.28846369,24
48.26228276,14.28719552,12
48.26318076,14.28727176,58
48.26223054,14.28853995,29
48.26312853,14.28861621,55
48.26038231,14.28973181,112
48.2612803,14.28980808,32
48.24950188,14.29150491,21
48.2485516,14.29277268,272
48.2494496,14.29284899,25
48.25039987,14.29158119,1
48.25129786,14.29165748,165
48.25034759,14.29292529,173
48.25124558,14.29300161,42
48.24849931,14.29411674,4
48.2493973,14.29419306,48
48.2502953,14.29426939,19
48.25119329,14.29434573,57
48.25219586,14.29173377,48
48.25309385,14.29181006,1
48.25214358,14.29307792,3
48.25304157,14.29315424,191
48.25399184,14.29188636,210
48.25488983,14.29196266,39
48.25578783,14.29203897,5
48.25393956,14.29323056,136
48.25483755,14.29330688,1
48.25573554,14.29338321,22
48.25209128,14.29442207,12
48.25298927,14.29449841,93
48.25203896,14.29576621,239
48.25198663,14.29711035,127
48.25293695,14.29584258,17
48.25288462,14.29718674,11
48.25388726,14.29457475,13
48.25478525,14.2946511,43
48.25568324,14.29472745,160
48.25383494,14.29591895,37
48.25473293,14.29599532,58
48.25378261,14.29726313,15
48.2546806,14.29733953,42
48.25563092,14.29607169,10
48.25557859,14.29741593,148
48.24828998,14.29949292,169
48.24918796,14.29956934,1
48.2510363,14.29837808,2
48.25098394,14.2997222,27
48.2482376,14.30083696,79
48.24913559,14.3009134,86
48.24818521,14.30218099,56
48.2490832,14.30225746,15
48.25093156,14.30106631,14
48.24998118,14.30233394,60
48.25087917,14.30241041,63
48.25193429,14.29845449,85
48.25283228,14.29853091,30
48.25188193,14.29979863,8
48.25277991,14.29987507,34
48.25373026,14.29860732,106
48.25462825,14.29868374,12
48.25552624,14.29876016,11
48.2536779,14.29995151,17
48.25457588,14.30002795,5
48.25547387,14.3001044,2
48.25182955,14.30114276,5
48.25272753,14.30121922,3
48.25177715,14.3024869,14
48.25267514,14.30256338,133
48.2545235,14.30137215,6
48.25542149,14.30144863,29
48.2544711,14.30271636,12
48.25536909,14.30279285,22
48.25668582,14.29211527,6
48.25758381,14.29219159,95
48.25663353,14.29345954,13
48.25753152,14.29353588,42
48.25842951,14.29361222,4
48.25658123,14.29480381,43
48.25747922,14.29488017,201
48.25652891,14.29614807,1
48.26112348,14.29384125,3
48.26017318,14.29510926,20
48.26196915,14.29526201,94
48.26286714,14.29533839,30
48.26191683,14.29660642,114
48.25822019,14.29898945,1
48.25911818,14.29906589,117
48.26271011,14.29937167,35
48.26165496,14.30332841,6
48.26433965,14.28062562,57
48.2642875,14.2819701,18
48.26523765,14.28070174,9
48.26613564,14.28077787,229
48.2651855,14.28204625,11
48.26423534,14.28331458,42
48.26513333,14.28339075,37
48.26703364,14.280854,7
48.26698149,14.28219856,19
48.26692932,14.28354311,3
48.26418316,14.28465906,160
48.26508115,14.28473525,68
48.26597914,14.28481145,6
48.26413096,14.28600353,42
48.26502895,14.28607975,4
48.26592695,14.28615597,6
48.26687714,14.28488765,94
48.26777513,14.28496386,160
48.26772293,14.28630843,1
48.26882963,14.28100628,25
48.26972763,14.28108242,23
48.26967547,14.28242704,103
48.27062562,14.28115857,150
48.27057346,14.28250321,154
48.27152361,14.28123471,11
48.27147146,14.28257939,1
48.27052129,14.28384786,28
48.27141928,14.28392406,155
48.26867312,14.28504007,44
48.26957111,14.28511628,243
48.26862092,14.28638466,17
48.26951891,14.2864609,233
48.2704691,14.2851925,2
48.2704169,14.28653714,181
48.27131489,14.28661339,3
48.26407875,14.287348,30
48.26497674,14.28742424,57
48.26587473,14.28750049,102
48.26402652,14.28869247,105
48.2658225,14.28884501,4
48.26677272,14.28757674,178
48.26767071,14.287653,116
48.26672049,14.28892128,14
48.26761848,14.28899756,22
48.26577025,14.29018952,172
48.26571799,14.29153403,18
48.26666824,14.29026582,15
48.26756623,14.29034212,4
48.26661597,14.29161035,5
48.26751396,14.29168668,211
48.26946669,14.28780551,98
48.26851647,14.28907384,2
48.26941446,14.28915013,55
48.27036468,14.28788178,17
48.27126267,14.28795805,239
48.27031244,14.28922641,141
48.27121043,14.28930271,17
48.26846422,14.29041843,3
48.2693622,14.29049473,153
48.26841195,14.29176301,24
48.26930993,14.29183934,28
48.27026019,14.29057105,25
48.27115818,14.29064736,155
48.27020792,14.29191568,38
48.27110591,14.29199202,8
48.27242161,14.28131087,2
48.27236945,14.28265556,16
48.2733196,14.28138702,164
48.27326744,14.28273174,62
48.27231728,14.28400026,14
48.27321527,14.28407646,13
48.27421759,14.28146318,151
48.27416543,14.28280792,18
48.27511559,14.28153934,2
48.27506342,14.28288411,18
48.27411326,14.28415267,116
48.27501125,14.28422888,3
48.27226509,14.28534495,13
48.27316308,14.28542117,16
48.27221288,14.28668963,4
48.27311087,14.28676588,4
48.27406107,14.2854974,14
48.27495905,14.28557364,25
48.27400886,14.28684214,19
48.27490684,14.2869184,7
48.27601358,14.28161551,11
48.27691157,14.28169168,37
48.27596142,14.2829603,8
48.27685941,14.28303649,7
48.27780956,14.28176785,17
48.2777574,14.28311269,4
48.27590924,14.28430509,105
48.27680723,14.28438131,2
48.27770522,14.28445753,10
48.27870755,14.28184403,58
48.27865538,14.28318889,127
48.27960554,14.28192021,8
48.27955337,14.28326509,38
48.2786032,14.28453375,44
48.27950119,14.28460998,62
48.27585704,14.28564987,43
48.27675503,14.28572612,117
48.27765302,14.28580236,2
48.27580483,14.28699466,130
48.27670282,14.28707092,33
48.27760081,14.28714719,9
48.27855101,14.28587861,280
48.27944899,14.28595486,11
48.27849879,14.28722346,159
48.27939678,14.28729974,18
48.27216066,14.28803432,4
48.27305864,14.28811059,56
48.2730064,14.2894553,32
48.27395663,14.28818687,85
48.27485462,14.28826315,116
48.27390439,14.2895316,21
48.27480238,14.28960791,25
48.27295415,14.2908,43
48.27290187,14.2921447,3
48.27385213,14.29087633,284
48.27475012,14.29095266,2
48.27379986,14.29222105,27
48.27469784,14.29229741,58
48.27575261,14.28833944,42
48.27665059,14.28841573,14
48.27754858,14.28849202,115
48.27570036,14.28968421,95
48.27659835,14.28976053,3
48.27749633,14.28983684,312
48.27844656,14.28856831,183
48.27934455,14.28864461,187
48.27839432,14.28991316,45
48.2792923,14.28998948,60
48.27924003,14.29133435,17
48.26566571,14.29287854,129
48.26656369,14.29295489,17
48.26746168,14.29303124,12
48.26651139,14.29429942,44
48.26740938,14.29437579,21
48.26835966,14.29310759,19
48.26925765,14.29318394,21
48.26830736,14.29445217,31
48.26920535,14.29452855,65
48.27015563,14.2932603,53
48.27105362,14.29333667,11
48.27010333,14.29460493,66
48.27100131,14.29468132,131
48.26825505,14.29579674,17
48.26915303,14.29587314,186
48.26820271,14.29714131,20
48.26815036,14.29848588,8
48.2691007,14.29721774,3
48.26904835,14.29856233,15
48.27005101,14.29594955,58
48.27094899,14.29602596,4
48.26999868,14.29729417,90
48.26994633,14.29863879,36
48.27089666,14.29737061,3
48.27084431,14.29871525,89
48.26355572,14.30079257,176
48.2644537,14.30086905,29
48.26535168,14.30094554,45
48.26630204,14.29967751,90
48.26720002,14.29975398,347
48.26350332,14.30213702,130
48.26434889,14.30355799,28
48.268098,14.29983045,2
48.26899598,14.29990692,46
48.2689436,14.30125151,19
48.26989396,14.2999834,16
48.27079194,14.30005988,27
48.26984157,14.30132802,7
48.27073955,14.30140452,215
48.2688912,14.3025961,6
48.26883878,14.30394068,202
48.26978917,14.30267262,187
48.27068715,14.30274915,135
48.26973676,14.30401723,95
48.27063473,14.30409379,39
48.27284959,14.2934894,8
48.27279728,14.2948341,8
48.27374757,14.29356578,32
48.27464555,14.29364215,146
48.27369526,14.2949105,56
48.27459324,14.2949869,7
48.27184698,14.29610238,15
48.27274496,14.29617879,1
48.27179464,14.29744704,4
48.27174229,14.29879171,6
48.27269262,14.29752348,21
48.27264026,14.29886817,16
48.27364294,14.29625521,6
48.27454092,14.29633164,1
48.2735906,14.29759993,124
48.27353824,14.29894464,164
48.27448858,14.29767638,290
48.27443622,14.29902111,2
48.27549122,14.2950633,98
48.2763892,14.29513971,85
48.2754389,14.29640807,14
48.27633688,14.2964845,34
48.27723486,14.29656093,50
48.27538656,14.29775283,90
48.2753342,14.29909759,109
48.27623218,14.29917407,74
48.27718251,14.29790574,53
48.27713015,14.29925055,19
48.27808049,14.2979822,139
48.27802813,14.29932703,20
48.27897847,14.29805867,33
48.27892611,14.29940352,24
48.27168992,14.30013637,67
48.27258789,14.30021286,107
48.27163753,14.30148103,1
48.27253551,14.30155754,5
48.27348587,14.30028935,414
48.27438385,14.30036585,214
48.27343348,14.30163406,32
48.27433146,14.30171058,28
48.27158513,14.30282569,82
48.2724831,14.30290222,149
48.27153271,14.30417034,9
48.27243068,14.3042469,113
48.27338108,14.30297876,5
48.27427905,14.30305531,11
48.27332866,14.30432347,117
48.27422663,14.30440003,7
48.27528183,14.30044235,129
48.2761798,14.30051885,109
48.27707778,14.30059535,52
48.27522943,14.3017871,86
48.27612741,14.30186363,31
48.27702538,14.30194016,1
48.27797575,14.30067186,19
48.27887373,14.30074838,60
48.27792336,14.30201669,6
48.27882133,14.30209323,134
48.27517703,14.30313185,54
48.276075,14.3032084,122
48.27697298,14.30328496,245
48.2751246,14.3044766,6
48.27602258,14.30455318,244
48.27692055,14.30462975,12
48.27787095,14.30336151,138
48.27876892,14.30343807,11
48.27781852,14.30470633,20
48.27871649,14.30478292,82
48.23091374,14.30610303,260
48.21686614,14.3197312,23
48.21776413,14.31980791,9
48.21591554,14.32099766,57
48.21681353,14.32107439,62
48.21586291,14.32234083,6
48.21771151,14.32115112,100
48.21860949,14.32122786,43
48.21855686,14.32257109,153
48.21945484,14.32264786,126
48.22035282,14.32272462,16
48.2212508,14.32280139,2
48.22943789,14.32080544,93
48.23186417,14.30483593,296
48.23276216,14.30491241,63
48.23181173,14.30617953,47
48.23270972,14.30625604,29
48.23360771,14.30633254,137
48.23265727,14.30759966,23
48.23355526,14.30767619,4
48.23350279,14.30901983,38
48.23165432,14.31021031,124
48.23434828,14.31044005,20
48.23514124,14.313204,191
48.24364287,14.30314261,9
48.24359045,14.30448652,24
48.24454086,14.30321909,51
48.24543884,14.30329557,63
48.24448844,14.30456302,178
48.24538642,14.30463953,26
48.24633683,14.30337205,47
48.24723482,14.30344854,3
48.24628441,14.30471603,117
48.244436,14.30590696,37
48.24533399,14.30598349,119
48.24438355,14.30725089,19
48.24528153,14.30732744,3
48.24623197,14.30606002,4
48.24712995,14.30613655,146
48.24617952,14.307404,4
48.2470775,14.30748055,222
48.24522906,14.30867139,106
48.24612704,14.30874797,35
48.24702503,14.30882455,117
48.24697254,14.31016855,251
48.24512407,14.31135929,157
48.24507156,14.31270324,104
48.24501902,14.31404718,47
48.24602205,14.31143592,105
48.24596953,14.31277989,41
48.24686751,14.31285654,156
48.245917,14.31412385,199
48.24681498,14.31420053,4
48.23324018,14.315738,7
48.23677953,14.31738844,42
48.23582896,14.31865543,22
48.23672694,14.31873216,4
48.23762491,14.3188089,1
48.23852289,14.31888564,4
48.23218444,14.31969213,163
48.2339804,14.31984562,4
48.23482575,14.32126603,68
48.23847028,14.32022941,28
48.23841766,14.32157317,5
48.23656907,14.3227633,66
48.23651641,14.32410701,7
48.23746704,14.32284011,68
48.23836501,14.32291693,57
48.23741438,14.32418385,4
48.23831236,14.32426068,6
48.24676242,14.31554452,128
48.24670985,14.3168885,3
48.23931563,14.32164996,7
48.23926299,14.32299374,6
48.23921033,14.32433752,9
48.2401083,14.32441436,6
48.24100627,14.32449121,65
48.21581026,14.32368399,7
48.21850421,14.32391433,26
48.21940219,14.32399111,297
48.21934952,14.32533437,26
48.22030017,14.3240679,38
48.22119815,14.3241447,225
48.2202475,14.32541118,68
48.22209613,14.32422149,12
48.22362855,14.33109193,4
48.23271374,14.32917415,8
48.23646374,14.32545072,8
48.23641105,14.32679442,4
48.23635834,14.32813812,7
48.23736171,14.32552758,20
48.23730902,14.3268713,70
48.23825968,14.32560444,1
48.23820699,14.32694819,5
48.23725631,14.32821503,3
48.23815428,14.32829193,2
48.23630562,14.32948182,152
48.23625288,14.33082552,74
48.23720359,14.32955875,61
48.23810156,14.32963568,1
48.23715085,14.33090247,69
48.23804882,14.33097942,2
48.23620013,14.33216921,37
48.23614736,14.3335129,14
48.2370981,14.33224619,41
48.23799606,14.33232317,118
48.23704532,14.3335899,3
48.23794329,14.3336669,9
48.23609457,14.33485659,56
48.23699254,14.33493361,19
48.2378905,14.33501064,151
48.23693973,14.33627732,67
48.23783769,14.33635437,4
48.23915765,14.3256813,45
48.23910496,14.32702507,33
48.24005562,14.32575816,174
48.24000293,14.32710196,56
48.23905225,14.32836885,55
48.23995022,14.32844576,96
48.24095359,14.32583503,1
48.2409009,14.32717886,98
48.24185156,14.32591191,103
48.24179887,14.32725575,4
48.24269683,14.32733265,145
48.24084819,14.32852268,55
48.24264412,14.32867652,9
48.23899953,14.32971262,83
48.23989749,14.32978955,7
48.23894678,14.33105638,120
48.23984475,14.33113334,44
48.24079546,14.32986649,271
48.24169343,14.32994344,28
48.24259139,14.33002039,140
48.24074272,14.33121031,23
48.24253865,14.33136425,95
48.2436475,14.32606567,70
48.2435948,14.32740956,115
48.24449277,14.32748647,57
48.24354209,14.32875345,24
48.24444006,14.32883038,13
48.24544344,14.32621944,66
48.24539074,14.32756338,142
48.2463414,14.32629633,19
48.2462887,14.32764029,71
48.24533802,14.32890732,41
48.24623599,14.32898425,8
48.24348936,14.33009734,58
48.24438732,14.33017429,157
48.24343661,14.33144122,33
48.24433458,14.3315182,19
48.24528529,14.33025125,28
48.23889403,14.33240015,40
48.23979199,14.33247713,28
48.23884125,14.33374391,187
48.23973922,14.33382092,2
48.24068996,14.33255412,35
48.24158792,14.33263111,22
48.24063718,14.33389793,106
48.24153514,14.33397495,16
48.24243311,14.33405197,43
48.23878846,14.33508767,5
48.23968643,14.3351647,119
48.23873566,14.33643143,114
48.23963362,14.33650848,29
48.24058439,14.33524174,7
48.24148235,14.33531878,213
48.24238031,14.33539582,10
48.24053158,14.33658554,27
48.24142954,14.3366626,12
48.2423275,14.33673967,189
48.24338385,14.33278511,16
48.24333107,14.33412899,2
48.24607774,14.33301613,5
48.24327827,14.33547287,29
48.24417624,14.33554992,130
48.24322546,14.33681674,15
48.24412342,14.33689382,13
48.23567169,14.34560601,188
48.23752052,14.34441672,145
48.2374676,14.34576043,109
48.2355658,14.34829333,19
48.24047876,14.33792934,1
48.24137672,14.33800643,4
48.24227467,14.33808352,3
48.24222183,14.33942737,152
48.24216897,14.34077121,533
48.24317263,14.33816061,20
48.24407059,14.33823771,33
48.24311979,14.33950449,4
48.24401775,14.33958161,69
48.24306693,14.34084835,101
48.24396488,14.3409255,108
48.24301405,14.34219222,27
48.24391201,14.34226939,8
48.23841847,14.34449391,79
48.23836555,14.34583765,19
48.2481328,14.30352503,44
48.24903079,14.30360152,116
48.24808038,14.30486906,12
48.24897836,14.30494558,161
48.24992877,14.30367802,41
48.25082676,14.30375452,4
48.25077433,14.30509862,21
48.24802794,14.30621309,12
48.24892592,14.30628963,125
48.24797548,14.30755712,34
48.2498239,14.30636618,1
48.25072188,14.30644272,172
48.24977144,14.30771025,4
48.25066942,14.30778682,19
48.25172474,14.30383102,4
48.25262272,14.30390753,6
48.25167231,14.30517515,74
48.25257029,14.30525168,102
48.25352071,14.30398404,9
48.25441869,14.30406056,21
48.25531667,14.30413708,15
48.25346827,14.30532822,11
48.25436626,14.30540476,57
48.25526424,14.3054813,4
48.25161987,14.30651928,16
48.25251785,14.30659583,41
48.25156741,14.3078634,14
48.25246539,14.30793998,123
48.25341583,14.30667239,179
48.25431381,14.30674895,80
48.25521179,14.30682552,20
48.25336336,14.30801656,36
48.25426134,14.30809314,23
48.25515932,14.30816973,63
48.24792301,14.30890114,266
48.24882099,14.30897773,2
48.24787052,14.31024516,47
48.2487685,14.31032177,66
48.24966648,14.31039839,16
48.24781801,14.31158918,35
48.24776549,14.3129332,133
48.24871599,14.31166582,31
48.24771295,14.31427721,55
48.24961397,14.31174246,2
48.24956145,14.31308652,21
48.25051195,14.3118191,27
48.25045942,14.31316319,14
48.25040688,14.31450727,249
48.25151493,14.30920752,14
48.25241291,14.30928412,145
48.25146243,14.31055163,9
48.25236041,14.31062826,25
48.25331089,14.30936073,66
48.25325839,14.31070489,156
48.25415637,14.31078152,16
48.2523079,14.3119724,1
48.25130486,14.31458397,13
48.25220283,14.31466067,6
48.25320588,14.31204905,88
48.25410385,14.31212571,68
48.25315335,14.31339321,16
48.25405132,14.31346989,11
48.25500183,14.31220237,28
48.2549493,14.31354658,28
48.2531008,14.31473737,25
48.25399878,14.31481407,20
48.25616222,14.30555784,41
48.25610977,14.30690209,21
48.2560573,14.30824633,19
48.26065211,14.30594062,80
48.26160253,14.3046728,32
48.26155009,14.30601719,79
48.25970168,14.3072084,5
48.26059966,14.30728498,2
48.26054719,14.30862934,82
48.26144516,14.30870596,84
48.2558998,14.31227903,18
48.25584727,14.31362326,306
48.25679778,14.3123557,22
48.25579472,14.31496749,55
48.2566927,14.31504421,7
48.25764322,14.31377665,30
48.25854119,14.31385335,6
48.25759067,14.31512092,36
48.25848864,14.31519765,17
48.2604947,14.3099737,4
48.25938661,14.31527437,90
48.2476604,14.31562122,16
48.24855837,14.31569793,180
48.2485058,14.31704196,7
48.24945635,14.31577464,18
48.25035432,14.31585136,145
48.24940377,14.3171187,10
48.25030175,14.31719544,67
48.24845321,14.31838599,187
48.24750264,14.31965324,61
48.24840061,14.31973002,56
48.24935119,14.31846275,260
48.25024916,14.31853951,8
48.24929858,14.3198068,20
48.25019655,14.31988359,40
48.2512523,14.31592807,1
48.25215027,14.3160048,9
48.25119972,14.31727218,78
48.25209769,14.31734892,1
48.25304824,14.31608152,17
48.25394622,14.31615825,50
48.25299567,14.31742567,80
48.25389364,14.31750242,26
48.25479161,14.31757918,108
48.25114713,14.31861628,21
48.2520451,14.31869305,31
48.25109452,14.31996038,104
48.25294307,14.31876982,26
48.25384104,14.3188466,3
48.25473901,14.31892338,136
48.25289046,14.32011397,200
48.25378843,14.32019077,93
48.2546864,14.32026757,204
48.24834799,14.32107405,5
48.24829535,14.32241807,77
48.24919332,14.3224949,7
48.25009129,14.32257173,61
48.2482427,14.32376209,57
48.24908799,14.32518298,7
48.25283784,14.32145811,111
48.2537358,14.32153493,253
48.25463377,14.32161176,88
48.25368316,14.3228791,79
48.25458113,14.32295595,19
48.25452847,14.32430014,70
48.25447579,14.32564432,208
48.25574216,14.31631172,183
48.25664013,14.31638846,127
48.25658755,14.3177327,84
48.2575381,14.3164652,32
48.25843607,14.31654194,157
48.25748552,14.31780947,11
48.25838349,14.31788624,116
48.25563698,14.31900016,27
48.25653495,14.31907695,28
48.25558437,14.32034438,126
48.25648234,14.32042119,8
48.25743292,14.31915374,35
48.25833089,14.31923053,15
48.25738031,14.320498,51
48.25827827,14.32057482,34
48.25933404,14.31661869,5
48.26023201,14.31669545,64
48.25928146,14.31796301,69
48.26017943,14.31803979,56
48.26112998,14.3167722,16
48.26202795,14.31684896,121
48.2610774,14.31811657,6
48.26197536,14.31819335,70
48.25922886,14.31930733,83
48.26012682,14.31938413,121
48.25917624,14.32065164,52
48.26007421,14.32072846,47
48.26102479,14.31946093,34
48.26192276,14.31953774,31
48.25553174,14.32168859,207
48.25642971,14.32176543,2
48.25547909,14.3230328,1
48.25637706,14.32310966,14
48.25732767,14.32184226,50
48.25727502,14.32318652,94
48.25817299,14.32326339,7
48.25542643,14.32437701,1
48.2563244,14.3244539,111
48.25537375,14.32572122,83
48.25627172,14.32579813,117
48.25722236,14.32453078,86
48.25812032,14.32460767,99
48.26339849,14.3048259,6
48.26429647,14.30490245,24
48.26519444,14.304979,77
48.26334605,14.30617033,11
48.26424402,14.30624691,18
48.26693795,14.30647666,91
48.26878635,14.30528526,74
48.26783592,14.30655325,16
48.2687339,14.30662984,133
48.26968432,14.30536184,210
48.2705823,14.30543841,126
48.26963187,14.30670644,52
48.26868143,14.30797442,95
48.26862895,14.30931899,212
48.26957941,14.30805104,154
48.27047738,14.30812766,29
48.26952692,14.30939563,3
48.2704249,14.30947228,40
48.26303105,14.31423689,21
48.26392902,14.31431361,128
48.26482699,14.31439033,190
48.26297849,14.31558131,23
48.26387646,14.31565805,6
48.26477443,14.3157348,83
48.26572496,14.31446706,10
48.26667547,14.31319927,62
48.26662293,14.31454379,114
48.2656724,14.31581155,4
48.26657037,14.3158883,86
48.26947443,14.31074023,44
48.2703724,14.3108169,97
48.26942191,14.31208482,304
48.27031988,14.31216152,32
48.26757344,14.31327598,93
48.2675209,14.31462052,16
48.26847141,14.31335269,11
48.26841886,14.31469726,2
48.26746833,14.31596506,112
48.2683663,14.31604182,10
48.26936938,14.31342941,6
48.26931683,14.314774,15
48.27026735,14.31350613,27
48.2702148,14.31485074,2
48.26926427,14.31611858,11
48.27148027,14.30551499,34
48.27237825,14.30559158,30
48.27142782,14.30685964,62
48.27232579,14.30693625,34
48.27327622,14.30566816,118
48.27417419,14.30574476,44
48.27322376,14.30701286,204
48.27412174,14.30708948,58
48.27137535,14.30820429,22
48.27227332,14.30828092,71
48.27132287,14.30954893,37
48.27222084,14.30962559,22
48.27317129,14.30835756,137
48.27406927,14.30843419,3
48.27311881,14.30970225,80
48.27401678,14.30977891,23
48.27686811,14.30597455,76
48.27501971,14.30716609,252
48.27591768,14.30724272,189
48.27776608,14.30605115,16
48.27866405,14.30612776,22
48.27771362,14.30739597,51
48.27496724,14.30851084,40
48.27491475,14.30985558,50
48.27855911,14.30881744,4
48.27127037,14.31089358,10
48.27216834,14.31097026,15
48.27121785,14.31223822,120
48.27211582,14.31231492,28
48.2730663,14.31104694,17
48.27301379,14.31239162,1
48.27116532,14.31358285,13
48.27111277,14.31492749,74
48.27206328,14.31365958,304
48.27201073,14.31500424,94
48.27296125,14.31373631,27
48.2729087,14.31508099,44
48.27385922,14.31381304,20
48.27380666,14.31515775,20
48.27486224,14.31120031,2
48.27576021,14.31127701,61
48.27480972,14.31254505,14
48.27570769,14.31262176,36
48.27660565,14.31269848,23
48.27845411,14.3115071,7
48.27840158,14.31285193,48
48.27475718,14.31388978,3
48.27565515,14.31396652,70
48.27470463,14.31523451,10
48.27560259,14.31531127,72
48.27655311,14.31404326,21
48.27834904,14.31419676,150
48.26292592,14.31692572,15
48.26382389,14.31700249,9
48.26472186,14.31707926,17
48.26287333,14.31827014,22
48.2637713,14.31834693,22
48.26466926,14.31842372,23
48.26561982,14.31715603,33
48.26651779,14.31723281,15
48.26461666,14.31976818,1
48.26366607,14.32103579,32
48.26741576,14.31730959,13
48.26831372,14.31738638,164
48.26451139,14.32245709,149
48.26630732,14.32261083,27
48.273491,14.32322593,50
48.24723937,14.32637322,105
48.24718667,14.32771721,22
48.24813734,14.32645012,189
48.24808464,14.32779413,105
48.24713395,14.3290612,162
48.2489826,14.32787106,72
48.24892988,14.32921509,59
48.24887714,14.33055912,38
48.24977511,14.3306361,156
48.24972235,14.33198015,35
48.24692292,14.33443711,3
48.24782088,14.33451415,1
48.24771526,14.33720215,24
48.25220504,14.33758764,215
48.24856038,14.33862325,151
48.24850753,14.33996727,123
48.24940548,14.34004441,18
48.24755671,14.34123411,189
48.24750382,14.3425781,132
48.24845466,14.34131128,68
48.24935262,14.34138844,16
48.24840178,14.34265528,95
48.24929973,14.34273247,4
48.24924683,14.3440765,15
48.25120139,14.3401987,6
48.25394811,14.33908601,5
48.2529973,14.34035301,79
48.25389525,14.34043017,98
48.25109563,14.34288686,82
48.25104273,14.34423094,6
48.25204647,14.34161996,12
48.25294443,14.34169714,9
48.25384238,14.34177432,3
48.25289154,14.34304127,70
48.25194068,14.34430816,16
48.25283863,14.34438539,11
48.25378949,14.34311847,40
48.25373658,14.34446262,13
48.25093688,14.34691908,4
48.25188776,14.34565226,66
48.25278571,14.34572951,215
48.25183482,14.34699636,2
48.25273277,14.34707363,7
48.25363072,14.34715091,7
48.25088392,14.34826315,226
48.25178187,14.34834045,96
48.25267982,14.34841775,80
48.25357776,14.34849505,158
48.2517289,14.34968454,10
48.25262685,14.34976186,52
48.25352479,14.34983919,5
48.25479321,14.34050733,122
48.25474033,14.34185151,5
48.25468744,14.34319568,74
48.25463453,14.34453986,8
48.25558539,14.3432729,31
48.25553248,14.34461709,40
48.25648334,14.34335012,101
48.25643043,14.34469433,59
48.25547955,14.34596129,167
48.25452867,14.34722819,91
48.25542661,14.34730548,64
48.2563775,14.34603855,199
48.25727545,14.34611582,15
48.25632456,14.34738276,1
48.25447571,14.34857235,106
48.25537365,14.34864966,14
48.26467065,14.34135636,100
48.28556629,14.26758188,111
48.28651626,14.26631274,130
48.28741426,14.26638866,20
48.28646429,14.26765782,19
48.28736228,14.26773377,28
48.28831226,14.26646459,2
48.28826028,14.26780972,96
48.28551429,14.26892694,29
48.28456429,14.27019601,105
48.28546229,14.27027199,172
48.28641229,14.2690029,32
48.28731029,14.26907887,164
48.28820829,14.26915485,151
48.28636028,14.27034798,33
48.28725828,14.27042397,1
48.28815627,14.27049997,35
48.29380417,14.26422966,149
48.2956521,14.26303614,14
48.29560016,14.26438147,2
48.28926222,14.26519536,2
48.28915828,14.26788567,1
48.29010826,14.26661645,5
48.29005628,14.26796163,23
48.29095427,14.26803759,197
48.29190425,14.26676832,62
48.29185227,14.26811355,42
48.28910628,14.26923082,79
48.29000428,14.2693068,112
48.28905427,14.27057597,163
48.28995226,14.27065197,2
48.29090227,14.26938279,71
48.29180027,14.26945877,20
48.29085026,14.27072798,7
48.29174825,14.27080399,100
48.29285422,14.26549901,98
48.29370025,14.26692021,14
48.29269826,14.26953476,1
48.29264625,14.27088001,6
48.2834581,14.27550002,146
48.28451226,14.27154103,20
48.28541026,14.27161704,11
48.28446022,14.27288606,188
48.28535822,14.27296209,23
48.28630826,14.27169306,12
48.28720625,14.27176907,177
48.28810425,14.27184509,3
48.28625621,14.27303813,38
48.28715421,14.27311417,28
48.2880522,14.27319021,164
48.28440817,14.27423108,135
48.28530616,14.27430714,24
48.28525409,14.27565218,26
48.28620416,14.2743832,11
48.28710215,14.27445926,2
48.28800014,14.27453533,6
48.28615208,14.27572827,62
48.28705007,14.27580435,2
48.28794806,14.27588045,20
48.28155792,14.27803776,6
48.28250802,14.27676892,26
48.28340601,14.27684501,13
48.28245592,14.27811388,282
48.28150581,14.27938271,71
48.28145367,14.28072764,16
48.28330179,14.27953499,64
48.28235166,14.28080381,6
48.285202,14.27699722,10
48.28514989,14.27834226,21
48.28609999,14.27707333,4
48.28699798,14.27714944,157
48.28789597,14.27722556,12
48.28604788,14.27841839,57
48.28694587,14.27849453,71
48.28784386,14.27857067,32
48.28419978,14.27961114,102
48.28509777,14.2796873,66
48.28414764,14.28095615,8
48.28599576,14.27976345,41
48.28689374,14.27983961,80
48.28779173,14.27991578,7
48.28594362,14.28110851,158
48.2868416,14.28118469,4
48.28773959,14.28126088,5
48.28900224,14.27192112,162
48.28990023,14.27199714,47
48.2889502,14.27326626,157
48.28984819,14.27334231,1
48.29079823,14.27207318,27
48.29169622,14.27214921,10
48.29074618,14.27341837,13
48.29164417,14.27349442,31
48.28889813,14.2746114,49
48.28979612,14.27468748,228
48.28884605,14.27595654,144
48.28974405,14.27603264,58
48.29069412,14.27476356,227
48.29064204,14.27610874,37
48.29154003,14.27618485,16
48.29259421,14.27222525,63
48.29349221,14.27230129,6
48.29254216,14.27357049,244
48.29344015,14.27364655,20
48.2943902,14.27237733,31
48.29433815,14.27372262,129
48.29523614,14.27379869,14
48.29518407,14.275144,21
48.29513198,14.2764893,11
48.28879396,14.27730168,20
48.28969195,14.2773778,76
48.28874185,14.27864681,231
48.28963984,14.27872296,4
48.29058994,14.27745393,40
48.29053783,14.27879911,12
48.29143581,14.27887526,10
48.28868972,14.27999194,164
48.28958771,14.28006811,9
48.28863758,14.28133707,86
48.28953556,14.28141326,8
48.2904857,14.28014429,175
48.29138368,14.28022046,90
48.29043355,14.28148946,246
48.29133154,14.28156566,51
48.2923338,14.27895142,15
48.29323179,14.27902758,21
48.29418189,14.27775846,15
48.29507988,14.27783461,8
48.29412977,14.27910374,177
48.29228167,14.28029664,179
48.29317965,14.28037283,69
48.29222952,14.28164187,1
48.2931275,14.28171807,1
48.29407764,14.28044901,198
48.30019402,14.26207015,140
48.29649816,14.26445737,41
48.29739616,14.26453329,18
48.29924409,14.2633397,6
48.30014209,14.26341559,6
48.30009015,14.26476104,4
48.30204193,14.2608764,15
48.30109202,14.26214602,45
48.30199001,14.2622219,142
48.30293992,14.26095227,102
48.30383792,14.26102813,10
48.30288801,14.26229779,231
48.30104009,14.2634915,110
48.30193808,14.2635674,26
48.30098814,14.26483697,12
48.29644621,14.26580272,32
48.2973442,14.26587866,84
48.2982422,14.2659546,20
48.29724024,14.2685694,20
48.29813823,14.26864538,5
48.29914019,14.26603054,1
48.30003819,14.26610649,98
48.29908822,14.26737596,66
48.29903622,14.26872137,58
48.29998621,14.26745193,45
48.29993422,14.26879737,2
48.29713621,14.27126013,269
48.29898422,14.27006679,13
48.29988221,14.2701428,54
48.29983018,14.27148824,41
48.30093618,14.26618244,55
48.3008842,14.2675279,17
48.30083221,14.26887336,2
48.3017302,14.26894937,61
48.30262819,14.26902537,4
48.3007802,14.27021883,52
48.30167819,14.27029485,41
48.30072817,14.27156428,4
48.30162616,14.27164033,3
48.30257618,14.27037088,92
48.30347417,14.27044691,106
48.30252415,14.27171638,13
48.30342214,14.27179244,106
48.31102188,14.26163517,67
48.31191987,14.26171106,49
48.31096996,14.26298091,15
48.31186795,14.26305683,123
48.30996807,14.26559641,247
48.31091802,14.26432664,21
48.31086606,14.26567237,23
48.31176405,14.26574834,89
48.30542614,14.26656223,5
48.30701409,14.27209669,38
48.30901811,14.26686613,3
48.3099161,14.26694212,107
48.30806813,14.26813581,31
48.30896612,14.26821181,29
48.30891412,14.26955749,10
48.30986411,14.26828782,5
48.3098121,14.26963352,179
48.31081409,14.26701811,6
48.31171208,14.2670941,12
48.3107621,14.26836383,19
48.31071009,14.26970956,135
48.31166009,14.26843985,83
48.31160808,14.2697856,11
48.3088621,14.27090317,171
48.30976008,14.27097922,82
48.30791207,14.27217276,73
48.30881006,14.27224884,8
48.30970805,14.27232492,35
48.31065807,14.27105528,15
48.31155606,14.27113134,131
48.31060603,14.272401,4
48.31150402,14.27247709,1
48.29613413,14.27387477,127
48.29703211,14.27395084,11
48.29977814,14.27283367,4
48.29972608,14.2741791,71
48.29608206,14.2752201,195
48.29698004,14.2752962,53
48.29787803,14.27537231,9
48.29602997,14.27656543,39
48.29782594,14.27671768,23
48.29877602,14.27544841,3
48.29872393,14.27679382,22
48.30067613,14.27290974,161
48.30157412,14.27298581,27
48.30062407,14.27425519,11
48.30152206,14.27433129,1
48.3024721,14.27306189,26
48.30337009,14.27313797,6
48.30242004,14.27440739,6
48.30331803,14.27448349,136
48.30057199,14.27560064,186
48.30146998,14.27567676,53
48.3005199,14.27694609,42
48.30141789,14.27702224,2
48.30236796,14.27575289,46
48.30326595,14.27582901,75
48.30231587,14.27709838,29
48.30321385,14.27717453,238
48.29597786,14.27791075,2
48.29687585,14.2779869,30
48.29777384,14.27806306,38
48.29592574,14.27925608,1
48.29682373,14.27933225,23
48.29772171,14.27940843,123
48.29867182,14.27813921,44
48.29956981,14.27821537,24
48.2986197,14.27948461,3
48.29951768,14.27956079,1
48.29587361,14.2806014,26
48.29677159,14.2806776,333
48.29766958,14.2807538,79
48.29582146,14.28194672,32
48.29671944,14.28202294,10
48.29856756,14.28083,244
48.2985154,14.28217539,89
48.29941339,14.28225162,44
48.30046779,14.27829154,21
48.30136578,14.2783677,41
48.30131365,14.27971317,21
48.30226376,14.27844388,97
48.30316174,14.27852005,75
48.30221163,14.27978937,4
48.30310961,14.27986556,43
48.30126151,14.28105864,31
48.30031137,14.28232786,19
48.30120935,14.2824041,105
48.30215949,14.28113485,40
48.30305747,14.28121108,7
48.30210733,14.28248034,51
48.30300531,14.28255659,13
48.30426808,14.27321405,165
48.30606405,14.27336622,9
48.30696204,14.27344232,68
48.30690997,14.27478794,29
48.30416393,14.27590514,100
48.30411184,14.27725069,167
48.30500982,14.27732684,7
48.30685789,14.27613355,13
48.30680579,14.27747917,1
48.30786002,14.27351841,21
48.30875801,14.27359451,80
48.30965599,14.27367061,7
48.30780795,14.27486405,80
48.30870594,14.27494018,161
48.30960392,14.2750163,48
48.31055398,14.27374672,103
48.31145196,14.27382283,4
48.3105019,14.27509243,175
48.31139989,14.27516857,149
48.30775587,14.2762097,166
48.30865385,14.27628584,7
48.30955183,14.27636199,7
48.30770377,14.27755533,21
48.30860175,14.27763151,20
48.30949973,14.27770768,260
48.31044982,14.27643815,13
48.3113478,14.2765143,1
48.31039771,14.27778386,2
48.31129569,14.27786004,13
48.30405972,14.27859623,259
48.30495771,14.27867241,6
48.3040076,14.27994177,21
48.30490558,14.28001797,30
48.30395545,14.2812873,168
48.30390329,14.28263283,11
48.30480127,14.28270909,53
48.30569925,14.28278534,82
48.30659722,14.2828616,4
48.30765165,14.27890097,3
48.30854963,14.27897717,1
48.30944761,14.27905336,12
48.3084975,14.28032282,139
48.30939548,14.28039905,26
48.31034559,14.27912957,10
48.31124357,14.27920577,22
48.31029346,14.28047527,62
48.31119143,14.2805515,61
48.30844535,14.28166848,8
48.30934332,14.28174472,98
48.3102413,14.28182097,28
48.31113928,14.28189723,43
48.31018913,14.28316667,108
48.31108711,14.28324295,21
48.28050353,14.28199639,263
48.28045136,14.2833413,19
48.28140152,14.28207258,2
48.28134935,14.28341751,12
48.28039918,14.28468621,172
48.28129717,14.28476244,21
48.28229951,14.28214877,2
48.28224734,14.28349373,97
48.2831975,14.28222496,4
48.28314533,14.28356994,30
48.28034698,14.28603111,42
48.28029476,14.28737601,55
48.28209073,14.28752858,7
48.28298872,14.28760487,35
48.28409548,14.28230116,68
48.28404331,14.28364616,48
48.28499347,14.28237736,128
48.2849413,14.28372239,19
48.28488911,14.28506741,13
48.28589146,14.28245356,7
48.28678944,14.28252977,254
48.28583928,14.28379862,117
48.28673727,14.28387485,10
48.28768743,14.28260598,87
48.28763526,14.28395108,116
48.2857871,14.28514367,69
48.28668508,14.28521992,27
48.28758306,14.28529618,21
48.28573489,14.28648871,104
48.28663287,14.28656499,145
48.28753086,14.28664127,2
48.28658065,14.28791006,93
48.28024253,14.28872091,25
48.28114051,14.28879722,3
48.28108826,14.29014214,25
48.2820385,14.28887353,17
48.28293648,14.28894984,2
48.28198625,14.29021847,32
48.28288423,14.29029481,6
48.281036,14.29148706,42
48.28098372,14.29283197,93
48.28193398,14.29156341,9
48.28283196,14.29163977,46
48.2818817,14.29290835,14
48.28277968,14.29298474,46
48.28378221,14.29037115,30
48.28372994,14.29171614,15
48.28462792,14.29179251,54
48.28367766,14.29306112,82
48.28457563,14.29313752,55
48.28547361,14.29321391,2
48.28858542,14.2826822,255
48.28853324,14.28402732,78
48.2894834,14.28275841,24
48.28943122,14.28410356,63
48.28848105,14.28537244,104
48.28937903,14.28544871,2
48.29038139,14.28283464,5
48.29032921,14.28417981,30
48.29127937,14.28291086,149
48.29122719,14.28425605,226
48.28842884,14.28671756,146
48.29112278,14.28694644,268
48.29107055,14.28829162,52
48.29217736,14.28298709,2
48.29212517,14.28433231,176
48.29307534,14.28306332,171
48.29302316,14.28440856,15
48.29207298,14.28567752,30
48.29297096,14.2857538,148
48.29392114,14.28448482,35
48.29481912,14.28456108,18
48.29386894,14.28583008,2
48.29476692,14.28590637,128
48.29202076,14.28702274,31
48.29291874,14.28709904,10
48.29196853,14.28836795,21
48.29286651,14.28844427,16
48.29381672,14.28717535,61
48.2947147,14.28725166,35
48.29376449,14.2885206,250
48.29466247,14.28859694,109
48.29191629,14.28971316,11
48.29281427,14.28978951,15
48.292762,14.29113474,74
48.29371224,14.28986586,53
48.29461022,14.28994222,2
48.29365998,14.29121111,98
48.29175945,14.29374877,48
48.2935554,14.29390161,25
48.2818294,14.29425329,7
48.28272737,14.2943297,6
48.28267506,14.29567466,24
48.28072206,14.29955651,25
48.28262272,14.29701961,16
48.28257037,14.29836456,51
48.28251801,14.29970951,8
48.28362535,14.29440611,121
48.28452333,14.29448252,10
48.28357303,14.29575109,9
48.28447101,14.29582753,57
48.28542131,14.29455894,189
48.28631929,14.29463536,71
48.28721726,14.29471179,1
48.28536899,14.29590397,12
48.28626696,14.29598042,41
48.28716494,14.29605686,238
48.2835207,14.29709607,23
48.28441868,14.29717253,118
48.28346835,14.29844105,218
48.28436632,14.29851753,8
48.28531665,14.297249,18
48.28621463,14.29732547,95
48.2871126,14.29740194,19
48.2852643,14.29859402,1
48.28616227,14.29867051,16
48.28521193,14.29993904,163
48.2861099,14.30001556,83
48.28706024,14.29874701,26
48.28700787,14.30009208,2
48.2797717,14.30082489,231
48.27971931,14.30216977,25
48.28061728,14.30224631,7
48.28156765,14.30097794,86
48.28246562,14.30105446,96
48.28151525,14.30232286,16
48.28241322,14.30239941,86
48.27966689,14.30351464,5
48.28056487,14.3035912,2
48.27961447,14.30485951,23
48.28146284,14.30366778,41
48.2833636,14.30113099,13
48.28426157,14.30120753,35
48.2833112,14.30247596,20
48.28420917,14.30255252,229
48.28515954,14.30128406,4
48.28605751,14.3013606,43
48.28695548,14.30143715,15
48.28510714,14.30262908,43
48.28600511,14.30270564,18
48.28690308,14.30278221,13
48.28415675,14.30389751,71
48.28320635,14.30516589,3
48.28410432,14.3052425,5
48.28505472,14.30397409,99
48.28595269,14.30405068,3
48.28685066,14.30412727,156
48.28590025,14.30539572,5
48.28679822,14.30547233,1
48.28806291,14.29613332,61
48.28896089,14.29620977,18
48.28801057,14.29747842,23
48.28890855,14.29755489,120
48.28795822,14.29882351,2
48.28790584,14.3001686,29
48.28885619,14.29890001,122
48.28880382,14.30024513,71
48.28980652,14.29763138,25
48.29070449,14.29770786,27
48.28975416,14.29897652,34
48.28970179,14.30032166,36
48.29065213,14.29905303,157
48.29170714,14.29509396,202
48.29260511,14.29517041,97
48.29165481,14.29643916,33
48.29255278,14.29651563,11
48.29350309,14.29524686,3
48.29440106,14.29532331,116
48.29345076,14.2965921,82
48.29434873,14.29666858,17
48.29160247,14.29778435,139
48.29250044,14.29786085,40
48.2915501,14.29912954,110
48.29149773,14.30047473,146
48.2923957,14.30055127,8
48.29339841,14.29793734,2
48.29429638,14.29801384,20
48.29334605,14.29928258,12
48.29329367,14.30062782,10
48.28785346,14.30151369,7
48.28875143,14.30159025,5
48.28780105,14.30285878,105
48.2896494,14.3016668,45
48.29054736,14.30174336,41
48.29049496,14.30308852,77
48.28774863,14.30420387,32
48.28769619,14.30554895,82
48.28859416,14.30562557,21
48.29044253,14.30443367,4
48.28949212,14.3057022,10
48.29039009,14.30577883,55
48.29144533,14.30181992,15
48.2923433,14.30189648,129
48.29139292,14.3031651,243
48.2913405,14.30451028,85
48.29128805,14.30585546,2
48.29218602,14.3059321,32
48.29313643,14.30466351,10
48.2940344,14.30474013,209
48.29308399,14.30600874,56
48.29398195,14.30608538,185
48.29576929,14.28329203,28
48.2957171,14.28463735,6
48.29666727,14.28336828,43
48.29756525,14.28344453,227
48.29661508,14.28471362,18
48.29751306,14.28478989,30
48.2956649,14.28598266,4
48.29656288,14.28605895,3
48.29746086,14.28613525,73
48.29846323,14.28352078,34
48.29841104,14.28486617,39
48.29936121,14.28359704,218
48.29930902,14.28494244,2
48.29835884,14.28621155,113
48.29925682,14.28628785,2
48.29561268,14.28732797,10
48.29651066,14.28740428,66
48.29740864,14.2874806,79
48.29556045,14.28867327,14
48.29645843,14.28874961,13
48.2973564,14.28882596,102
48.29830662,14.28755693,16
48.2992046,14.28763326,3
48.29825438,14.28890231,58
48.30025919,14.28367329,18
48.300207,14.28501873,19
48.30115717,14.28374956,20
48.30110498,14.28509501,207
48.30105277,14.28644047,13
48.30205515,14.28382582,217
48.30200296,14.2851713,4
48.30295313,14.28390209,30
48.30290094,14.2852476,7
48.30195075,14.28651678,28
48.30284873,14.2865931,94
48.30100055,14.28778592,81
48.30005033,14.28905501,23
48.30094831,14.28913137,91
48.30189852,14.28786226,4
48.3027965,14.2879386,75
48.30184628,14.28920773,36
48.30274426,14.28928409,87
48.2955082,14.29001858,38
48.29640617,14.29009494,15
48.29730415,14.29017131,34
48.29635391,14.29144027,25
48.29725188,14.29151666,17
48.29820213,14.29024768,6
48.2991001,14.29032406,75
48.29814986,14.29159305,33
48.29904783,14.29166945,115
48.29540365,14.29270918,40
48.29630162,14.29278559,7
48.2971996,14.29286201,8
48.29535135,14.29405447,169
48.29624932,14.29413091,199
48.29714729,14.29420735,30
48.29809757,14.29293842,34
48.29899554,14.29301485,35
48.29804527,14.29428379,6
48.29894324,14.29436024,148
48.29999808,14.29040043,125
48.30089605,14.29047682,7
48.2999458,14.29174585,14
48.30084378,14.29182226,73
48.30179403,14.2905532,33
48.30174175,14.29189867,46
48.30263972,14.29197508,4
48.29989352,14.29309127,30
48.30079149,14.2931677,42
48.29984121,14.29443669,141
48.30073918,14.29451314,63
48.30168946,14.29324413,63
48.30258743,14.29332057,57
48.30163715,14.2945896,33
48.30253512,14.29466606,15
48.30474909,14.28405464,67
48.30469689,14.28540019,2
48.3037467,14.28666942,48
48.30464468,14.28674574,11
48.30564707,14.28413092,41
48.30559487,14.2854765,67
48.30654504,14.2842072,20
48.30554265,14.28682207,92
48.30644063,14.2868984,99
48.30369448,14.28801494,27
48.30459245,14.28809129,3
48.30364223,14.28936046,30
48.30454021,14.28943683,78
48.30549043,14.28816764,1
48.3063884,14.288244,186
48.30543818,14.28951321,140
48.30633615,14.28958959,13
48.31013695,14.28451237,17
48.31103492,14.28458867,7
48.31098272,14.28593439,38
48.30728637,14.28832035,90
48.30818435,14.28839671,216
48.30723412,14.28966597,4
48.3081321,14.28974235,88
48.30358997,14.29070598,86
48.30448794,14.29078238,26
48.3035377,14.2920515,31
48.30443567,14.29212792,30
48.30538592,14.29085877,25
48.30628389,14.29093518,66
48.30533364,14.29220434,116
48.30623161,14.29228076,140
48.3034854,14.29339701,28
48.30438337,14.29347345,168
48.30343309,14.29474252,3
48.30433106,14.29481899,11
48.30617931,14.29362635,55
48.30522903,14.29489546,41
48.306127,14.29497193,24
48.30718186,14.29101158,31
48.30807983,14.29108799,4
48.30712958,14.29235719,173
48.30802755,14.29243363,220
48.30707728,14.2937028,240
48.30797525,14.29377926,223
48.30887322,14.29385572,28
48.30702497,14.29504841,5
48.30792294,14.29512489,2
48.3088209,14.29520137,38
48.30977119,14.29393218,4
48.30971887,14.29527786,3
48.31061684,14.29535435,101
48.29529903,14.29539977,78
48.296197,14.29547623,20
48.29709498,14.29555269,59
48.29614467,14.29682154,60
48.29704264,14.29689803,36
48.29799295,14.29562916,12
48.29889092,14.29570563,2
48.29794061,14.29697452,126
48.29883858,14.29705101,160
48.29609232,14.29816685,71
48.29699029,14.29824337,26
48.29693792,14.2995887,40
48.29788826,14.29831988,168
48.29878623,14.2983964,5
48.29783589,14.29966524,58
48.29778351,14.30101059,2
48.29873386,14.29974178,29
48.29868147,14.30108716,28
48.29978889,14.2957821,148
48.30068686,14.29585858,8
48.29973655,14.29712751,57
48.30063452,14.29720401,83
48.30158483,14.29593506,14
48.3024828,14.29601154,6
48.30153249,14.29728051,16
48.30243046,14.29735702,11
48.2996842,14.29847292,8
48.30058216,14.29854944,40
48.29963183,14.29981832,4
48.30052979,14.29989487,40
48.30148013,14.29862597,55
48.3023781,14.2987025,4
48.30142776,14.29997142,148
48.30137537,14.30131687,16
48.30232573,14.30004798,14
48.29487991,14.30616203,223
48.29667584,14.30631533,127
48.2975738,14.30639199,179
48.29952704,14.30250913,22
48.300425,14.30258572,84
48.29947462,14.30385452,13
48.30037258,14.30393114,97
48.30132297,14.30266232,102
48.30127054,14.30400777,16
48.30032014,14.30527656,1
48.30121811,14.30535321,60
48.30338077,14.29608803,68
48.30427874,14.29616452,140
48.30332842,14.29743353,121
48.30422639,14.29751005,2
48.3051767,14.29624101,22
48.30607467,14.29631751,3
48.30512436,14.29758657,24
48.30602233,14.29766309,157
48.30327607,14.29877904,42
48.30417403,14.29885557,2
48.30322369,14.30012454,29
48.30412166,14.3002011,45
48.30406926,14.30154662,3
48.305072,14.29893212,22
48.30501962,14.30027766,134
48.30496723,14.30162321,17
48.30591759,14.30035423,27
48.30586519,14.3016998,5
48.30697264,14.29639401,10
48.3078706,14.29647051,208
48.30876857,14.29654702,27
48.30692029,14.29773961,34
48.30781826,14.29781614,76
48.30871622,14.29789267,73
48.30966654,14.29662353,64
48.3105645,14.29670005,154
48.30961419,14.29796921,70
48.31051215,14.29804574,125
48.30776589,14.29916176,4
48.30866386,14.29923832,24
48.30681555,14.3004308,104
48.30676315,14.3017764,11
48.30766112,14.301853,113
48.30861148,14.30058396,202
48.30855908,14.3019296,8
48.30956182,14.29931488,6
48.31045978,14.29939144,85
48.30950944,14.30066054,51
48.30945704,14.30200621,3
48.3104074,14.30073713,45
48.310355,14.30208282,22
48.30491482,14.30296875,54
48.30581278,14.30304537,265
48.3048624,14.3043143,34
48.3057604,14.3043909,8
48.3057079,14.3057365,27
48.3047575,14.3070054,1
48.3067107,14.303122,28
48.3076087,14.3031986,23
48.3085067,14.3032752,5
48.3066583,14.3044676,284
48.3075563,14.3045442,22
48.3084542,14.3046209,220
48.3094046,14.3033519,9
48.3103026,14.3034285,14
48.3093522,14.3046975,41
48.3102502,14.3047742,22
48.3084018,14.3059665,8
48.3092998,14.3060432,25
48.3092473,14.3073888,10
48.3128179,14.261787,80
48.3137159,14.2618629,137
48.3136639,14.2632087,93
48.3146139,14.2619388,11
48.3155118,14.2620147,9
48.3145619,14.2632846,168
48.3154599,14.2633605,30
48.313612,14.2645545,28
48.31356,14.2659003,208
48.315408,14.2647064,55
48.3164098,14.2620906,168
48.3163579,14.2634365,66
48.3172559,14.2635124,90
48.3181539,14.2635884,189
48.3190519,14.2636643,158
48.316306,14.2647824,8
48.317204,14.2648583,274
48.316254,14.2661282,252
48.317152,14.2662042,43
48.3189999,14.2650103,75
48.3198979,14.2650862,15
48.31805,14.2662802,158
48.3198459,14.2664322,24
48.3126101,14.2671701,90
48.3135081,14.2672461,95
48.3125581,14.2685159,217
48.3125061,14.2698616,6
48.3134561,14.2685919,113
48.3134041,14.2699377,48
48.314302,14.2700137,89
48.315252,14.2687439,97
48.3152,14.2700898,131
48.312454,14.2712074,10
48.313352,14.2712835,10
48.312402,14.2725532,96
48.3133,14.2726293,23
48.31425,14.2713596,35
48.315148,14.2714356,120
48.314198,14.2727054,27
48.315096,14.2727815,167
48.316202,14.2674741,2
48.3171,14.2675501,44
48.31615,14.26882,55
48.316098,14.2701658,1
48.317048,14.268896,1
48.316996,14.2702419,25
48.317998,14.2676261,114
48.319794,14.2677782,136
48.316046,14.2715117,52
48.316944,14.2715878,145
48.3159939,14.2728576,26
48.3168919,14.2729337,5
48.3178419,14.2716639,9
48.3195859,14.273162,182
48.3226958,14.2626221,61
48.3232298,14.2721205,157
48.3231778,14.2734665,29
48.3259758,14.2710027,187
48.3249737,14.2736188,11
48.3268218,14.2724249,4
48.3267697,14.2737711,68
48.3123499,14.2738989,11
48.3132479,14.2739751,58
48.3122979,14.2752447,53
48.3131959,14.2753209,245
48.3141459,14.2740512,60
48.3150439,14.2741273,1
48.3140938,14.275397,206
48.3149918,14.2754731,9
48.3122458,14.2765905,81
48.3131438,14.2766666,93
48.3121937,14.2779362,47
48.3130917,14.2780124,32
48.3140417,14.2767428,13
48.3149397,14.276819,65
48.3139896,14.2780886,124
48.3148876,14.2781648,48
48.3159419,14.2742034,31
48.3168399,14.2742796,118
48.3158898,14.2755493,8
48.3167878,14.2756254,11
48.3177378,14.2743557,138
48.3186358,14.2744318,51
48.3195338,14.274508,10
48.3176858,14.2757016,170
48.3185837,14.2757778,3
48.3194817,14.2758539,42
48.3158377,14.2768951,27
48.3167357,14.2769713,169
48.3157856,14.278241,42
48.3166836,14.2783172,2
48.3176337,14.2770475,11
48.3194296,14.2771999,69
48.3175815,14.2783934,10
48.3184795,14.2784696,13
48.3193775,14.2785458,54
48.3130395,14.2793582,125
48.3120894,14.2806277,152
48.3129874,14.280704,30
48.3139375,14.2794344,62
48.3148355,14.2795106,3
48.3138854,14.2807802,9
48.3147833,14.2808565,85
48.3120373,14.2819735,27
48.3129352,14.2820497,13
48.3119851,14.2833192,35
48.3128831,14.2833955,186
48.3138332,14.282126,179
48.3147312,14.2822023,29
48.313781,14.2834718,5
48.314679,14.2835481,11
48.3157335,14.2795869,60
48.3166314,14.2796631,20
48.3156813,14.2809327,4
48.3165793,14.2810089,197
48.3175294,14.2797393,197
48.3184274,14.2798155,216
48.3193254,14.2798918,19
48.3174773,14.2810852,13
48.3183752,14.2811615,103
48.3192732,14.2812377,17
48.3156292,14.2822785,94
48.3165271,14.2823548,47
48.315577,14.2836244,70
48.316475,14.2837007,9
48.3174251,14.2824311,11
48.3183231,14.2825074,13
48.3192211,14.2825837,41
48.3173729,14.283777,149
48.3182709,14.2838533,3
48.3191689,14.2839296,7
48.3204318,14.2745841,174
48.3212777,14.2760063,19
48.3203276,14.2772761,36
48.3212256,14.2773523,78
48.3202755,14.278622,63
48.3211735,14.2786983,60
48.3220714,14.2787745,114
48.3229694,14.2788507,23
48.3239716,14.2762348,123
48.3267176,14.2751172,48
48.3257676,14.2763872,11
48.3266655,14.2764634,19
48.3248175,14.2776571,90
48.3238674,14.2789269,124
48.3247654,14.2790032,2
48.3266134,14.2778095,67
48.3265613,14.2791557,233
48.3202233,14.279968,55
48.3201712,14.281314,17
48.3210692,14.2813902,196
48.3220193,14.2801205,28
48.3229173,14.2801968,1
48.3219671,14.2814665,133
48.3228651,14.2815428,1
48.320119,14.2826599,4
48.321017,14.2827362,21
48.3200669,14.2840059,5
48.3209648,14.2840822,50
48.321915,14.2828125,3
48.3228129,14.2828888,38
48.3218628,14.2841585,180
48.3227608,14.2842349,20
48.3238152,14.280273,124
48.3247132,14.2803493,14
48.3237631,14.2816191,2
48.3246611,14.2816954,5
48.3256112,14.2804255,51
48.3265092,14.2805018,108
48.325559,14.2817716,32
48.326457,14.2818479,288
48.3237109,14.2829651,213
48.3246089,14.2830414,94
48.3245567,14.2843875,161
48.3255069,14.2831177,92
48.3264048,14.2831941,11
48.3263526,14.2845402,18
48.3288258,14.2671924,22
48.3297757,14.2659222,9
48.3306737,14.2659982,63
48.3297238,14.2672684,31
48.3324177,14.2674965,36
48.3278758,14.2684625,1
48.3287738,14.2685386,114
48.3278238,14.2698087,9
48.3277718,14.2711549,3
48.3287218,14.2698848,162
48.3286698,14.271231,6
48.3314677,14.2687668,27
48.3305177,14.2700369,60
48.3304657,14.2713832,104
48.3314157,14.270113,80
48.3313637,14.2714593,28
48.3277197,14.2725011,156
48.3286177,14.2725772,17
48.3276677,14.2738472,221
48.3285656,14.2739234,20
48.3304137,14.2727294,209
48.3313116,14.2728056,31
48.3294636,14.2739995,65
48.3303616,14.2740757,29
48.3312596,14.2741519,116
48.3323657,14.2688428,108
48.3323137,14.2701891,156
48.3322617,14.2715354,2
48.3332117,14.2702652,99
48.3331596,14.2716116,186
48.3350076,14.2704174,9
48.3322096,14.2728817,7
48.3359576,14.2691471,10
48.3375975,14.2733386,34
48.3375454,14.2746851,18
48.3412935,14.2709503,39
48.3403434,14.2722206,17
48.3412414,14.2722968,1
48.3393934,14.273491,170
48.3393413,14.2748375,4
48.3402393,14.2749137,23
48.3429332,14.2751423,43
48.3276156,14.2751934,8
48.3285136,14.2752696,2
48.3275635,14.2765396,120
48.3284615,14.2766158,138
48.3294115,14.2753458,9
48.3303095,14.2754219,20
48.3312075,14.2754981,297
48.3293595,14.276692,116
48.3311554,14.2768444,2
48.3275114,14.2778857,86
48.3284094,14.277962,38
48.3274593,14.2792319,25
48.3283572,14.2793081,6
48.3293073,14.2780382,117
48.3292552,14.2793844,25
48.3301532,14.2794606,102
48.3310512,14.2795369,131
48.3320534,14.2769206,161
48.334643,14.279842,1
48.3274071,14.2805781,8
48.3283051,14.2806543,6
48.327355,14.2819242,75
48.3282529,14.2820005,49
48.3292031,14.2807306,8
48.330101,14.2808069,94
48.330999,14.2808832,10
48.3291509,14.2820768,132
48.3300489,14.2821531,84
48.3309469,14.2822294,62
48.3273028,14.2832704,5
48.3282008,14.2833467,8
48.3272506,14.2846165,1
48.3281486,14.2846929,47
48.3290987,14.283423,8
48.3299967,14.2834993,7
48.3290465,14.2847692,15
48.3299445,14.2848456,273
48.3327428,14.282382,17
48.3317926,14.283652,71
48.3326906,14.2837283,135
48.3317404,14.2849983,65
48.3326384,14.2850746,1
48.3335886,14.2838047,16
48.3335364,14.285151,276
48.3383392,14.2774542,39
48.3355931,14.2785719,14
48.3382349,14.2801471,10
48.3401351,14.2776067,148
48.3410331,14.2776829,5
48.339185,14.2788769,18
48.3391329,14.2802234,61
48.3418268,14.2804523,224
48.3363347,14.2826873,33
48.3372848,14.2814172,96
48.3381828,14.2814935,15
48.3372326,14.2827636,116
48.3381306,14.28284,131
48.3353845,14.2839574,167
48.3362825,14.2840337,2
48.3353323,14.2853037,16
48.3362303,14.2853801,103
48.3371804,14.2841101,3
48.3380784,14.2841864,3
48.3371282,14.2854565,3
48.3408767,14.2817225,21
48.3390286,14.2829163,2
48.3408245,14.283069,2
48.3389764,14.2842628,76
48.3398743,14.2843391,67
48.3416703,14.2844919,44
48.341618,14.2858384,78
48.3119329,14.284665,45
48.3128309,14.2847413,8
48.3127787,14.2860871,6
48.3127264,14.2874328,269
48.3137288,14.2848176,10
48.3136766,14.2861634,195
48.3146268,14.2848939,154
48.3145746,14.2862397,96
48.3136244,14.2875092,87
48.3145224,14.2875855,81
48.3135722,14.288855,164
48.3144702,14.2889313,1
48.3154726,14.2863161,31
48.3154204,14.2876619,49
48.3163183,14.2877383,67
48.3173207,14.2851229,58
48.3172685,14.2864688,266
48.3182187,14.2851992,185
48.3191167,14.2852755,78
48.3181665,14.2865451,124
48.3190645,14.2866215,62
48.3190122,14.2879674,12
48.3153681,14.2890077,170
48.3153159,14.2903536,19
48.3162138,14.29043,53
48.31896,14.2893133,18
48.3180098,14.2905828,95
48.3189077,14.2906593,40
48.3170595,14.2918523,11
48.3179575,14.2919287,6
48.3188555,14.2920052,40
48.3188032,14.2933511,5
48.3200147,14.2853519,4
48.3199624,14.2866978,6
48.3209126,14.2854282,29
48.3208604,14.2867742,20
48.3199102,14.2880438,45
48.3208082,14.2881202,24
48.3218106,14.2855045,21
48.3217584,14.2868506,23
48.3227086,14.2855809,7
48.3226563,14.2869269,90
48.3217061,14.2881966,48
48.319858,14.2893897,152
48.3207559,14.2894661,164
48.3198057,14.2907357,19
48.3207037,14.2908121,2
48.3263004,14.2858863,6
48.3233976,14.2910414,105
48.3242955,14.2911179,8
48.3197534,14.2920816,80
48.3206514,14.2921581,139
48.3197011,14.2934276,9
48.3205991,14.2935041,77
48.3215493,14.2922345,73
48.3224473,14.292311,22
48.3214971,14.2935805,22
48.3196488,14.2947735,30
48.3205468,14.29485,1
48.3214447,14.2949265,4
48.3223427,14.295003,21
48.3233453,14.2923875,37
48.323293,14.2937335,2
48.3232407,14.2950796,6
48.3123081,14.2981988,43
48.3113578,14.299468,109
48.3113054,14.3008137,26
48.311253,14.3021594,65
48.3122033,14.3008903,222
48.3121509,14.3022361,162
48.3131537,14.2996212,71
48.3131013,14.3009669,18
48.3130489,14.3023127,6
48.3139993,14.3010435,17
48.3150543,14.2970827,28
48.3148972,14.3011201,50
48.3148448,14.3024659,7
48.3112005,14.3035051,7
48.3120461,14.3049275,10
48.3110957,14.3061966,53
48.3119936,14.3062732,216
48.3110432,14.3075423,109
48.3119412,14.307619,120
48.3128916,14.3063499,2
48.3137895,14.3064266,32
48.3128391,14.3076957,13
48.3137371,14.3077724,64
48.3147399,14.3051575,130
48.3156379,14.3052342,11
48.3183842,14.3041184,23
48.3165359,14.3053109,28
48.3174338,14.3053876,141
48.3183318,14.3054643,9
48.3146875,14.3065033,2
48.3155854,14.30658,17
48.314635,14.3078491,237
48.315533,14.3079259,121
48.3164834,14.3066567,25
48.3173814,14.3067334,208
48.3182793,14.3068102,103
48.3164309,14.3080026,229
48.3173289,14.3080793,30
48.3182268,14.3081561,11
48.3193346,14.3028491,2
48.3248795,14.2992708,7
48.3257251,14.3006935,139
48.3256727,14.3020396,5
48.3256203,14.3033857,128
48.3192297,14.305541,115
48.3191773,14.3068869,74
48.3200227,14.3083095,15
48.3271984,14.2859627,1
48.3271462,14.2873088,174
48.3280964,14.286039,1
48.3280441,14.2873852,151
48.3289943,14.2861154,37
48.3298923,14.2861918,17
48.3289421,14.2874616,2
48.3298401,14.287538,4
48.3307903,14.2862682,141
48.330738,14.2876144,180
48.3288899,14.2888078,178
48.3297878,14.2888842,182
48.3306858,14.2889606,137
48.3306335,14.2903069,209
48.3316882,14.2863445,13
48.331636,14.2876908,33
48.3325862,14.2864209,30
48.332534,14.2877672,72
48.3315838,14.2890371,4
48.3324817,14.2891135,4
48.3334842,14.2864973,51
48.3334319,14.2878436,111
48.3343821,14.2865737,19
48.3343299,14.28792,104
48.3333797,14.2891899,55
48.3342776,14.2892664,35
48.3315315,14.2903833,6
48.3324295,14.2904598,105
48.3314792,14.2917296,57
48.3333274,14.2905362,326
48.3342254,14.2906127,5
48.3332751,14.2918825,29
48.3341731,14.291959,72
48.330372,14.297038,142
48.3341208,14.2933054,146
48.3340685,14.2946517,46
48.3322203,14.2958449,27
48.33127,14.2971146,156
48.3321679,14.2971912,23
48.3340162,14.295998,131
48.3330659,14.2972678,27
48.3339638,14.2973443,18
48.3352801,14.2866501,53
48.3352279,14.2879965,110
48.3361781,14.2867265,73
48.3361258,14.2880729,16
48.3351756,14.2893428,51
48.3360736,14.2894193,7
48.337076,14.2868029,1
48.3370238,14.2881493,1
48.3379217,14.2882257,9
48.3369715,14.2894957,16
48.3378695,14.2895722,6
48.3351233,14.2906892,2
48.3360213,14.2907656,13
48.3350711,14.2920355,8
48.335969,14.292112,6
48.3369193,14.2908421,3
48.3378172,14.2909186,41
48.336867,14.2921885,22
48.3377649,14.292265,49
48.3387675,14.2896486,14
48.3396654,14.2897251,8
48.3405634,14.2898015,6
48.3387152,14.2909951,21
48.3396131,14.2910715,69
48.3405111,14.291148,95
48.3386629,14.2923415,2
48.3395609,14.292418,92
48.3404588,14.2924945,23
48.3414091,14.2912245,19
48.3422547,14.2926476,3
48.3350188,14.2933819,319
48.3359167,14.2934584,31
48.3349665,14.2947282,140
48.3358644,14.2948048,2
48.3368147,14.2935349,100
48.3377126,14.2936114,26
48.3367624,14.2948813,96
48.3376603,14.2949579,1
48.3349141,14.2960746,48
48.3358121,14.2961511,29
48.3348618,14.2974209,1
48.3357597,14.2974975,2
48.33671,14.2962277,5
48.337608,14.2963043,5
48.3366577,14.2975741,259
48.3375556,14.2976507,110
48.3386106,14.293688,52
48.3395086,14.2937645,69
48.3404065,14.293841,56
48.3385583,14.2950344,24
48.3394562,14.295111,201
48.3403542,14.2951875,175
48.3413045,14.2939176,2
48.3422024,14.2939941,5
48.3412521,14.2952641,30
48.3421501,14.2953406,31
48.3385059,14.2963808,103
48.3394039,14.2964574,19
48.3403018,14.296534,58
48.3384536,14.2977273,18
48.3393515,14.2978039,3
48.3402495,14.2978805,21
48.3411998,14.2966106,13
48.3420978,14.2966872,1
48.3411474,14.2979571,116
48.3266754,14.299424,1
48.3275734,14.2995006,42
48.3303196,14.2983843,60
48.3284714,14.2995772,214
48.3293693,14.2996539,169
48.3302673,14.2997305,111
48.3266231,14.3007702,75
48.327521,14.3008468,15
48.3265707,14.3021163,59
48.3265182,14.3034624,17
48.3274686,14.3021929,55
48.3274162,14.3035391,52
48.328419,14.3009234,25
48.3302149,14.3010767,23
48.3283666,14.3022696,1
48.3292645,14.3023462,15
48.3283141,14.3036158,3
48.3292121,14.3036924,103
48.3301625,14.3024229,61
48.33011,14.3037691,4
48.3312176,14.2984608,2
48.3321155,14.2985374,4
48.3311652,14.2998071,273
48.3320632,14.2998837,78
48.3330135,14.298614,173
48.3339115,14.2986907,11
48.3329611,14.2999603,2
48.3338591,14.300037,128
48.3311128,14.3011533,14
48.3320108,14.30123,26
48.3310604,14.3024996,46
48.331008,14.3038458,34
48.3319584,14.3025762,74
48.3319059,14.3039225,1
48.3328563,14.3026529,45
48.3328039,14.3039992,6
48.3264658,14.3048085,88
48.3273637,14.3048852,27
48.3273113,14.3062313,54
48.3282617,14.3049619,139
48.3291597,14.3050386,10
48.3300576,14.3051153,77
48.3282092,14.3063081,1
48.3291072,14.3063848,148
48.3300051,14.3064615,2
48.3281568,14.3076542,30
48.3290547,14.307731,157
48.3299527,14.3078077,123
48.3281043,14.3090004,39
48.3290022,14.3090772,2
48.3299002,14.3091539,1
48.3309556,14.305192,32
48.3318535,14.3052688,31
48.3309031,14.3065383,12
48.331801,14.306615,18
48.3327515,14.3053455,16
48.3336494,14.3054222,16
48.332699,14.3066918,19
48.3335969,14.3067685,18
48.3308506,14.3078845,24
48.3317486,14.3079613,97
48.3307981,14.3092307,41
48.3316961,14.3093075,13
48.3335445,14.3081148,2
48.332594,14.3093843,15
48.333492,14.3094611,114
48.3348094,14.2987673,1
48.3357074,14.2988439,225
48.334757,14.3001136,97
48.335655,14.3001902,65
48.3366053,14.2989205,186
48.3375033,14.2989971,87
48.3365529,14.3002669,6
48.3374509,14.3003435,79
48.3347046,14.3014599,182
48.3356026,14.3015366,29
48.3355502,14.302883,111
48.3354977,14.3042293,243
48.3365005,14.3016133,113
48.3373985,14.3016899,8
48.3364481,14.3029596,1
48.3363957,14.304306,13
48.3373461,14.3030363,14
48.3372936,14.3043827,9
48.3384012,14.2990737,24
48.3392992,14.2991504,18
48.3401971,14.299227,206
48.3383488,14.3004202,73
48.3392468,14.3004968,140
48.3401447,14.3005735,165
48.341993,14.2993802,1
48.3419406,14.3007268,25
48.3382964,14.3017666,69
48.3391944,14.3018433,24
48.3400923,14.3019199,30
48.338244,14.303113,6
48.3381916,14.3044595,105
48.339142,14.3031897,67
48.3390895,14.3045362,23
48.3345473,14.3054989,82
48.3354453,14.3055757,74
48.3344949,14.3068453,29
48.3353928,14.306922,94
48.3363432,14.3056524,90
48.3372412,14.3057291,38
48.3362908,14.3069988,39
48.3371887,14.3070755,17
48.3344424,14.3081916,146
48.3353404,14.3082684,60
48.3343899,14.3095379,13
48.3352879,14.3096147,116
48.3362383,14.3083451,118
48.3371362,14.3084219,76
48.3361858,14.3096915,41
48.3370837,14.3097683,14
48.3381391,14.3058059,76
48.3390371,14.3058826,144
48.3380867,14.3071523,160
48.3407805,14.3073826,16
48.3416785,14.3074594,24
48.279562,14.3062044,11
48.2795096,14.3075492,2
48.2794571,14.3088941,62
48.2794046,14.310239,2
48.2803026,14.3103156,115
48.281253,14.3090474,16
48.2831539,14.3065109,111
48.2840519,14.3065875,89
48.2858478,14.3067408,17
48.2867458,14.3068174,28
48.2857953,14.3080858,43
48.283049,14.3092008,79
48.2829965,14.3105457,35
48.2793521,14.3115838,136
48.28025,14.3116605,56
48.2792996,14.3129287,10
48.2801975,14.3130054,6
48.281148,14.3117372,8
48.2810955,14.3130821,14
48.2876437,14.306894,26
48.2894397,14.3070473,156
48.2903376,14.307124,5
48.2893347,14.3097376,6
48.2912356,14.3072006,1
48.2921336,14.3072773,3
48.2911831,14.3085458,8
48.2920811,14.3086225,92
48.2930315,14.307354,124
48.2939295,14.3074306,3
48.2929791,14.3086992,19
48.293877,14.3087759,40
48.2920286,14.3099677,66
48.2929266,14.3100444,30
48.292874,14.3113896,114
48.293772,14.3114664,65
48.2900751,14.3138497,78
48.2900225,14.3151948,30
48.28997,14.31654,264
48.2890194,14.3178083,29
48.2919236,14.3126581,29
48.2909731,14.3139265,232
48.291871,14.3140033,28
48.2928215,14.3127348,94
48.2937195,14.3128116,86
48.292769,14.31408,202
48.2936669,14.3141568,9
48.2909205,14.3152716,87
48.2908679,14.3166168,28
48.2918185,14.3153484,9
48.2917659,14.3166936,21
48.2908153,14.317962,16
48.2917133,14.3180388,59
48.2927164,14.3154252,73
48.2926638,14.3167705,38
48.2936144,14.3155021,9
48.2935618,14.3168473,4
48.2880162,14.3204216,10
48.2898122,14.3205754,2
48.2870657,14.3216898,117
48.2879636,14.3217667,5
48.2907101,14.3206523,5
48.2948275,14.3075073,158
48.2957254,14.307584,134
48.2966234,14.3076607,22
48.2956729,14.3089293,213
48.2965709,14.309006,60
48.2975213,14.3077373,5
48.2984193,14.307814,24
48.2974689,14.3090827,153
48.2983668,14.3091594,14
48.2947225,14.3101978,103
48.2956204,14.3102746,87
48.2965184,14.3103513,354
48.29467,14.3115431,28
48.2955679,14.3116198,3
48.2964659,14.3116966,2
48.2974164,14.310428,18
48.2983143,14.3105047,214
48.2973638,14.3117733,9
48.3002152,14.3079674,9
48.2992648,14.3092361,50
48.3001627,14.3093128,24
48.3011132,14.3080441,6
48.3020111,14.3081208,107
48.3010607,14.3093895,41
48.3019587,14.3094662,27
48.2992123,14.3105815,80
48.3001102,14.3106582,17
48.2991598,14.3119269,7
48.3000577,14.3120036,3
48.3010082,14.310735,26
48.3009557,14.3120804,6
48.3018536,14.3121572,7
48.2946174,14.3128884,1
48.2955154,14.3129651,24
48.2964134,14.3130419,45
48.2945649,14.3142336,16
48.2954628,14.3143104,112
48.2963608,14.3143872,33
48.2973113,14.3131187,86
48.2982093,14.3131955,12
48.2972588,14.314464,19
48.2981567,14.3145408,37
48.2945123,14.3155789,42
48.2954103,14.3156557,50
48.2963082,14.3157325,13
48.2991072,14.3132722,198
48.3000052,14.313349,114
48.2990547,14.3146176,101
48.3009031,14.3134258,4
48.3018011,14.3135026,25
48.3008506,14.3147712,8
48.3029091,14.3081975,26
48.3038071,14.3082742,20
48.3028566,14.309543,235
48.3037546,14.3096197,14
48.304705,14.3083509,120
48.3028041,14.3108885,28
48.3037021,14.3109652,582
48.3027516,14.3122339,2
48.3036495,14.3123107,20
48.3046,14.311042,7
48.3045475,14.3123875,132
48.3065009,14.3085043,23
48.3073989,14.308581,33
48.3082968,14.3086578,8
48.3064484,14.3098499,73
48.3073464,14.3099267,22
48.3090373,14.3127714,19
48.302699,14.3135794,15
48.303597,14.3136562,13
48.3026465,14.3149249,18
48.304495,14.313733,31
48.3043372,14.3177696,2
48.2987917,14.3213445,21
48.2993735,14.3294937,248
48.3032814,14.3217291,30
48.3041267,14.3231516,35
48.304074,14.3244971,120
48.3059753,14.32196,7
48.3068732,14.3220369,1
48.3086691,14.3221909,27
48.3068205,14.3233825,146
48.3094617,14.3249591,80
48.3076131,14.3261507,27
48.3075604,14.3274963,3
48.3085111,14.3262277,3
48.3093036,14.3289961,185
48.3109907,14.308888,13
48.3127866,14.3090414,92
48.3136846,14.3091182,3
48.3127341,14.3103872,13
48.3126816,14.3117329,89
48.3126291,14.3130787,116
48.3145825,14.3091949,2
48.3154805,14.3092717,5
48.315428,14.3106175,206
48.3163784,14.3093484,11
48.3172764,14.3094252,16
48.3181743,14.3095019,3
48.3163259,14.3106943,87
48.3172239,14.310771,102
48.3190723,14.3095787,47
48.3131588,14.3225757,127
48.3271538,14.3102697,3
48.3271013,14.3116159,30
48.3280518,14.3103465,19
48.3289497,14.3104233,8
48.3298477,14.3105001,132
48.3279993,14.3116927,104
48.3297952,14.3118463,18
48.3270488,14.312962,3
48.3279467,14.3130388,19
48.3297426,14.3131925,29
48.3296901,14.3145387,84
48.3307456,14.310577,4
48.3316436,14.3106538,70
48.3306931,14.3119232,3
48.331591,14.312,35
48.3325415,14.3107306,51
48.3334395,14.3108074,32
48.332489,14.3120769,6
48.3333869,14.3121537,67
48.3306406,14.3132694,74
48.3315385,14.3133463,30
48.330588,14.3146156,281
48.3324364,14.3134231,14
48.3333344,14.3135,93
48.3323839,14.3147694,118
48.3332818,14.3148463,97
48.3296375,14.3158849,220
48.327789,14.3170773,65
48.328687,14.3171542,1
48.3295849,14.3172311,50
48.3258879,14.3196156,39
48.3295323,14.3185773,117
48.3294797,14.3199235,93
48.329427,14.3212697,140
48.3305354,14.3159618,40
48.3314334,14.3160387,90
48.3304828,14.317308,41
48.3313808,14.317385,17
48.3323313,14.3161156,20
48.3332293,14.3161926,133
48.3322787,14.3174619,2
48.3331767,14.3175388,12
48.3304302,14.3186542,229
48.3303776,14.3200004,17
48.3313282,14.3187312,49
48.3312756,14.3200774,194
48.330325,14.3213467,44
48.3312229,14.3214237,31
48.3322261,14.3188082,12
48.3321735,14.3201544,23
48.3331241,14.3188851,40
48.3330714,14.3202314,51
48.3321209,14.3215007,181
48.3330188,14.3215777,76
48.3343374,14.3108842,34
48.3352353,14.3109611,171
48.3342849,14.3122305,118
48.3351828,14.3123074,117
48.3361333,14.3110379,131
48.3370312,14.3111147,187
48.3360808,14.3123842,11
48.3342323,14.3135769,27
48.3351303,14.3136537,3
48.3360282,14.3137306,34
48.3379292,14.3111916,57
48.3378766,14.312538,5
48.3387746,14.3126148,48
48.338722,14.3139613,44
48.3340746,14.3176158,19
48.3349725,14.3176927,62
48.3358705,14.3177697,4
48.334022,14.3189621,67
48.3349199,14.3190391,46
48.3348673,14.3203854,37
48.3348147,14.3217317,98
48.3358179,14.319116,154
48.3357652,14.3204624,269
48.3357126,14.3218087,1
48.3385643,14.3180005,49
48.3385117,14.319347,50
48.3393043,14.3221168,146
48.32573,14.3236538,161
48.3284765,14.3225388,47
48.3293744,14.3226158,4
48.3275259,14.3238079,177
48.3256773,14.3249999,71
48.3265225,14.3264231,13
48.3274205,14.3265002,148
48.3311703,14.3227699,1
48.3302197,14.3240391,45
48.3311176,14.3241161,45
48.3320682,14.3228469,165
48.3329135,14.3242702,76
48.3264698,14.3277692,14
48.3264171,14.3291153,3
48.3273678,14.3278463,12
48.3282657,14.3279234,125
48.3291636,14.3280005,119
48.327315,14.3291924,155
48.328213,14.3292695,19
48.3291109,14.3293467,8
48.3263643,14.3304614,238
48.3272623,14.3305385,221
48.3281602,14.3306157,50
48.3290581,14.3306928,191
48.3272095,14.3318846,19
48.3281074,14.3319618,89
48.3290054,14.332039,103
48.3299033,14.3321162,128
48.3308012,14.3321934,88
48.3338641,14.323001,135
48.334762,14.323078,4
48.3338114,14.3243473,57
48.3347093,14.3244243,39
48.3346566,14.3257707,41
48.3374558,14.3233092,5
48.3383537,14.3233862,27
48.3392517,14.3234633,8
48.3374031,14.3246556,89
48.3390408,14.328849,22
48.3389881,14.3301954,107
48.3399388,14.3289262,17
48.3408367,14.3290033,3
48.3407839,14.3303498,58
48.3271567,14.3332307,19
48.3280547,14.3333079,217
48.3289526,14.3333852,68
48.3288998,14.3347313,22
48.328847,14.3360775,102
48.3251496,14.3384605,88
48.3260475,14.3385378,26
48.3269983,14.337269,2
48.3278962,14.3373463,15
48.3287941,14.3374236,25
48.3269454,14.3386151,41
48.3278434,14.3386924,146
48.3287413,14.3387698,82
48.3298505,14.3334624,12
48.3297977,14.3348085,88
48.3307484,14.3335396,134
48.3297449,14.3361547,30
48.3296921,14.3375009,37
48.3296392,14.3388471,21
48.3268926,14.3399612,12
48.3277905,14.3400386,53
48.3286884,14.3401159,20
48.3268397,14.3413073,20
48.3277376,14.3413847,24
48.325836,14.3439221,13
48.3267868,14.3426534,99
48.3276847,14.3427308,48
48.3285826,14.3428082,99
48.3267339,14.3439995,12
48.3276318,14.3440769,83
48.3334422,14.3337713,161
48.3343401,14.3338485,86
48.336136,14.334003,36
48.3360832,14.3353493,117
48.3351324,14.3366184,8
48.3387769,14.3355811,1
48.3378262,14.3368502,73
48.333178,14.3405026,163
48.3403614,14.3411215,62
48.3394106,14.3423906,95
48.3403085,14.342468,22
48.3393576,14.343737,148
48.3402556,14.3438144,2
48.3402026,14.3451609,105
48.325783,14.3452682,14
48.326681,14.3453456,31
48.3401497,14.3465073,1
48.2282762,14.3503623,376
48.2282232,14.3517058,6
48.2300721,14.3505169,36
48.2355128,14.349637,72
48.2373087,14.3497916,10
48.2354069,14.3523243,15
48.2363048,14.3524016,173
48.2372028,14.352479,96
48.2362518,14.3537453,2
48.2334519,14.3562005,1
48.230705,14.3573118,161
48.2297539,14.3585779,108
48.2306519,14.3586554,4
48.2333457,14.3588877,9
48.2344029,14.3549342,124
48.2343498,14.3562779,44
48.2342968,14.3576215,65
48.2342437,14.3589651,59
48.2341906,14.3603087,27
48.2413741,14.3609286,4
48.2422721,14.3610061,249
48.245019,14.3598947,7
48.2440679,14.3611611,7
48.2449659,14.3612386,1
48.2341375,14.3616523,24
48.234876,14.3657607,3
48.2358271,14.3644946,25
48.2357739,14.3658383,231
48.2366718,14.3659159,31
48.238574,14.3633836,80
48.2376229,14.3646497,110
48.2385209,14.3647273,425
48.2422189,14.3623499,297
48.2431169,14.3624274,161
48.2430637,14.3637713,5
48.2440148,14.3625049,101
48.2449128,14.3625825,1
48.2439617,14.3638488,1
48.2448596,14.3639264,157
48.2430106,14.3651151,227
48.2420595,14.3663814,18
48.2429574,14.366459,24
48.2439085,14.3651927,33
48.2448064,14.3652703,22
48.2438553,14.3665366,13
48.2447533,14.3666142,1
48.2411083,14.3676476,32
48.2410551,14.3689914,6
48.2410019,14.3703351,28
48.2400508,14.3716012,29
48.2409487,14.3716789,3
48.2420063,14.3677252,148
48.2429042,14.3678028,2
48.2419531,14.369069,163
48.242851,14.3691466,8
48.2438021,14.3678804,161
48.2447001,14.367958,4
48.2437489,14.3692243,74
48.2446469,14.3693019,2
48.2418999,14.3704128,10
48.2427978,14.3704905,32
48.2418466,14.3717566,131
48.2427446,14.3718343,94
48.2436957,14.3705681,2
48.2445937,14.3706458,148
48.2436425,14.371912,85
48.2445404,14.3719897,15
48.2352414,14.3792747,49
48.2399975,14.372945,39
48.2408954,14.3730227,19
48.2408422,14.3743665,183
48.2417934,14.3731004,169
48.2426913,14.3731781,60
48.2417401,14.3744442,11
48.242638,14.374522,43
48.2425847,14.3758658,36
48.2435892,14.3732559,7
48.2444872,14.3733336,5
48.243536,14.3745997,28
48.2434827,14.3759436,38
48.2425314,14.3772096,59
48.2434294,14.3772874,1
48.243376,14.3786312,315
48.244274,14.3787091,60
48.2433227,14.3799751,20
48.2442206,14.3800529,9
48.2516759,14.3510286,26
48.2525739,14.351106,15
48.2534718,14.3511833,15
48.2516229,14.3523727,81
48.2525209,14.3524501,7
48.2534188,14.3525275,5
48.2515699,14.3537168,39
48.2524678,14.3537942,24
48.2515169,14.3550609,13
48.2524148,14.3551383,93
48.2458638,14.3613161,24
48.2476597,14.3614711,16
48.2485576,14.3615487,7
48.2505659,14.3563275,40
48.2505128,14.3576716,20
48.2514638,14.356405,180
48.2523618,14.3564824,7
48.2514107,14.357749,103
48.2523087,14.3578265,95
48.2532066,14.357904,1
48.2495618,14.3589381,208
48.2495087,14.3602822,121
48.2504597,14.3590156,60
48.2504066,14.3603597,141
48.2494556,14.3616262,158
48.2503535,14.3617037,40
48.2513577,14.3590931,73
48.2522556,14.3591706,16
48.2513046,14.3604372,107
48.2522025,14.3605147,67
48.2531535,14.3592481,40
48.2531004,14.3605922,7
48.2512514,14.3617812,2
48.2521494,14.3618588,89
48.2530473,14.3619363,48
48.2570106,14.352837,19
48.2569575,14.3541812,131
48.2560066,14.355448,120
48.2569045,14.3555254,183
48.2579085,14.3529144,124
48.2578555,14.3542586,8
48.2587534,14.354336,61
48.2578024,14.3556029,73
48.2587004,14.3556803,24
48.2596514,14.3544135,19
48.2595983,14.3557578,58
48.2550556,14.3567147,16
48.2550025,14.3580589,34
48.2559535,14.3567922,126
48.2568514,14.3568697,43
48.2559004,14.3581364,249
48.2567984,14.3582139,105
48.2540515,14.3593256,42
48.2539984,14.3606697,2
48.2549494,14.3594031,123
48.2539452,14.3620139,149
48.2548432,14.3620914,37
48.2558473,14.3594806,12
48.2567453,14.3595581,25
48.2566922,14.3609023,13
48.256639,14.3622465,32
48.2577494,14.3569471,80
48.2586473,14.3570246,31
48.2576963,14.3582914,145
48.2585942,14.3583688,18
48.2595453,14.3571021,186
48.2604432,14.3571795,104
48.2594922,14.3584463,237
48.2603901,14.3585238,5
48.2576432,14.3596356,74
48.2585412,14.3597131,10
48.258488,14.3610574,21
48.257537,14.3623241,76
48.2584349,14.3624016,13
48.2594391,14.3597906,70
48.259386,14.3611349,86
48.260337,14.3598681,203
48.2593328,14.3624792,208
48.2458107,14.36266,62
48.2467086,14.3627376,3
48.2457575,14.3640039,11
48.2466555,14.3640815,33
48.2476066,14.3628151,53
48.2485045,14.3628926,65
48.2475534,14.3641591,191
48.2484514,14.3642366,69
48.2466023,14.3654254,39
48.2456512,14.3666918,28
48.2465491,14.3667694,35
48.2475003,14.365503,137
48.2483982,14.3655806,111
48.2474471,14.366847,4
48.248345,14.3669246,162
48.2494024,14.3629702,2
48.2503004,14.3630477,2
48.2493493,14.3643142,10
48.2502472,14.3643918,48
48.2511983,14.3631253,7
48.2520962,14.3632029,228
48.2529942,14.3632804,9
48.2511452,14.3644694,83
48.2520431,14.3645469,63
48.252941,14.3646245,24
48.2492961,14.3656582,168
48.2501941,14.3657358,51
48.2492429,14.3670022,3
48.2501409,14.3670799,71
48.251092,14.3658134,17
48.2519899,14.365891,4
48.2528879,14.3659686,90
48.2510388,14.3671575,204
48.2519367,14.3672351,6
48.2528347,14.3673127,183
48.245598,14.3680357,41
48.246496,14.3681133,56
48.2455448,14.3693796,126
48.2464427,14.3694572,32
48.2473939,14.3681909,3
48.2482918,14.3682686,35
48.2473407,14.3695349,5
48.2482386,14.3696126,35
48.2463895,14.3708012,9
48.2463363,14.3721451,9
48.2472874,14.3708789,3
48.2481854,14.3709565,139
48.2472342,14.3722228,195
48.2481321,14.3723005,33
48.2491897,14.3683462,48
48.2500877,14.3684239,242
48.2491365,14.3696902,98
48.2500345,14.3697679,51
48.2509856,14.3685015,117
48.2518835,14.3685792,160
48.2527815,14.3686568,10
48.2509324,14.3698456,128
48.2518303,14.3699233,1
48.2527283,14.3700009,19
48.2490833,14.3710342,16
48.2499812,14.3711119,196
48.2490301,14.3723782,19
48.249928,14.372456,133
48.2508792,14.3711896,7
48.2517771,14.3712673,7
48.252675,14.371345,10
48.2508259,14.3725337,110
48.2517238,14.3726114,79
48.2526218,14.3726891,9
48.2538921,14.363358,91
48.25479,14.3634356,188
48.253839,14.3647021,1
48.2547369,14.3647797,84
48.255688,14.3635131,116
48.2565328,14.3649349,2
48.2537858,14.3660463,6
48.2546837,14.3661239,49
48.2537326,14.3673904,16
48.2555285,14.3675457,4
48.2564264,14.3676233,52
48.2574838,14.3636683,40
48.2583818,14.3637459,4
48.2573775,14.3663567,33
48.2573243,14.367701,2
48.2582222,14.3677786,30
48.2536262,14.3700786,222
48.2554753,14.3688898,50
48.2535729,14.3714228,16
48.2572711,14.3690452,54
48.258169,14.3691229,41
48.259067,14.3692006,121
48.2613411,14.357257,15
48.261288,14.3586013,4
48.2453851,14.3734113,16
48.246283,14.373489,18
48.2471809,14.3735668,4
48.2480789,14.3736445,94
48.2471277,14.3749107,128
48.2480256,14.3749885,25
48.2479723,14.3763324,117
48.2451719,14.3787869,104
48.247919,14.3776764,2
48.2478657,14.3790204,359
48.2498747,14.3738,3
48.2488702,14.3764102,30
48.2507727,14.3738777,2
48.2525685,14.3740332,55
48.2488169,14.3777542,4
48.2497148,14.377832,6
48.2487636,14.3790982,10
48.2496615,14.379176,84
48.2532532,14.3794874,8
48.2482294,14.3925379,36
48.324408,14.357305,58
48.3438312,14.2752185,41
48.347371,14.27687,247
48.3481125,14.2809864,57
48.3444685,14.2820278,58
48.3435184,14.283298,54
48.3434662,14.2846446,3
48.3471102,14.2836035,13
48.3498563,14.2824859,25
48.3543461,14.2828677,12
48.3433095,14.2886844,158
48.3432572,14.2900309,35
48.3431527,14.2927241,65
48.3440506,14.2928006,1
48.3450009,14.2915305,6
48.3458988,14.291607,57
48.3449486,14.2928771,86
48.3458465,14.2929537,43
48.3467968,14.2916835,96
48.3476947,14.29176,44
48.3467445,14.2930302,219
48.3476424,14.2931067,240
48.3485927,14.2918366,223
48.3494907,14.2919131,99
48.3503886,14.2919896,140
48.3431004,14.2940706,11
48.3439983,14.2941472,15
48.343048,14.2954172,2
48.343946,14.2954938,21
48.3448963,14.2942237,10
48.3457942,14.2943003,51
48.344844,14.2955704,42
48.3429957,14.2967638,96
48.3438413,14.298187,15
48.3456372,14.2983402,17
48.3466922,14.2943769,5
48.3475901,14.2944534,48
48.3466399,14.2957235,36
48.3475378,14.2958001,117
48.3484881,14.29453,52
48.350284,14.2946831,60
48.3474855,14.2971468,150
48.3465351,14.2984168,19
48.3483834,14.2972234,1
48.3549307,14.2910254,137
48.3519752,14.2975299,3
48.342891,14.2994569,30
48.3428386,14.3008034,12
48.3437365,14.3008801,1
48.3427338,14.3034965,4
48.3472235,14.3038802,19
48.3490194,14.3040336,30
48.3425764,14.3075362,229
48.3434743,14.307613,17
48.3433693,14.3103061,12
48.3536139,14.3017237,103
48.3535615,14.3030705,99
48.3515558,14.3083042,185
48.3515033,14.309651,24
48.3621665,14.2902906,11
48.3648081,14.2918673,121
48.365706,14.2919439,17
48.3692978,14.2922501,29
48.3702481,14.2909794,32
48.371146,14.291056,4
48.3710937,14.2924033,202
48.3747378,14.2913622,165
48.3756357,14.2914388,6
48.3774316,14.291592,14
48.3782773,14.2930161,10
48.3432643,14.3129992,2
48.3467509,14.3160001,27
48.3439519,14.3184624,93
48.3430013,14.3197319,36
48.343794,14.3225021,87
48.3458004,14.3172697,19
48.3505003,14.3122676,4
48.3504478,14.3136144,154
48.3548323,14.3166927,20
48.3418401,14.3263875,175
48.3481783,14.3255807,4
48.3417346,14.3290805,29
48.342527,14.3318507,24
48.3424742,14.3331972,7
48.3433722,14.3332745,5
48.3488653,14.3310446,34
48.3499214,14.3270817,39
48.3433194,14.334621,4
48.343108,14.3400071,90
48.3440059,14.3400845,11
48.3412064,14.3425454,89
48.3411535,14.3438918,70
48.3411005,14.3452383,93
48.3419985,14.3453158,4